-- phpMyAdmin SQL Dump
-- version 4.6.6deb5
-- https://www.phpmyadmin.net/
--
-- Host: localhost:3306
-- Generation Time: Aug 19, 2019 at 07:19 PM
-- Server version: 5.7.26-0ubuntu0.18.04.1
-- PHP Version: 7.2.19-0ubuntu0.18.04.1

SET SQL_MODE = "NO_AUTO_VALUE_ON_ZERO";
SET time_zone = "+00:00";


/*!40101 SET @OLD_CHARACTER_SET_CLIENT=@@CHARACTER_SET_CLIENT */;
/*!40101 SET @OLD_CHARACTER_SET_RESULTS=@@CHARACTER_SET_RESULTS */;
/*!40101 SET @OLD_COLLATION_CONNECTION=@@COLLATION_CONNECTION */;
/*!40101 SET NAMES utf8mb4 */;

--
-- Database: `BookMyTable`
--

-- --------------------------------------------------------

--
-- Table structure for table `BeenThere`
--

CREATE TABLE `BeenThere` (
  `id` int(11) NOT NULL,
  `user_id` int(11) NOT NULL,
  `restaurant_id` int(11) NOT NULL,
  `date` varchar(20) NOT NULL,
  `time` varchar(10) NOT NULL
) ENGINE=InnoDB DEFAULT CHARSET=latin1;

-- --------------------------------------------------------

--
-- Table structure for table `Booking`
--

CREATE TABLE `Booking` (
  `id` int(11) NOT NULL,
  `user_id` int(11) DEFAULT NULL,
  `restaurant_id` int(11) DEFAULT NULL,
  `reference_no` varchar(1000) DEFAULT NULL,
  `size` int(11) NOT NULL,
  `start_time` varchar(11) NOT NULL,
  `end_time` varchar(11) NOT NULL,
  `date` varchar(11) DEFAULT NULL,
  `first_name` varchar(40) DEFAULT NULL,
  `last_name` varchar(40) DEFAULT NULL,
  `email_id` varchar(100) DEFAULT NULL,
  `phone_no` varchar(100) DEFAULT NULL,
  `date_time_of_booking` varchar(50) DEFAULT NULL
) ENGINE=InnoDB DEFAULT CHARSET=latin1;

-- --------------------------------------------------------

--
-- Table structure for table `Bookmark`
--

CREATE TABLE `Bookmark` (
  `id` int(11) NOT NULL,
  `user_id` int(11) NOT NULL,
  `restaurant_id` int(11) NOT NULL,
  `date` varchar(20) NOT NULL,
  `time` varchar(10) NOT NULL
) ENGINE=InnoDB DEFAULT CHARSET=latin1;

-- --------------------------------------------------------

--
-- Table structure for table `Cities`
--

CREATE TABLE `Cities` (
  `id` int(11) NOT NULL,
  `name` varchar(60) NOT NULL,
  `state` varchar(60) DEFAULT ''
) ENGINE=InnoDB DEFAULT CHARSET=latin1;

--
-- Dumping data for table `Cities`
--

INSERT INTO `Cities` (`id`, `name`, `state`) VALUES
(1, 'Mumbai', 'Maharashtra'),
(2, 'Delhi', 'Delhi'),
(3, 'Bengaluru', 'Karnataka'),
(4, 'Ahmedabad', 'Gujarat'),
(5, 'Hyderabad', 'Telangana'),
(6, 'Chennai', 'Tamil Nadu'),
(7, 'Kolkata', 'West Bengal'),
(8, 'Pune', 'Maharashtra'),
(9, 'Jaipur', 'Rajasthan'),
(10, 'Surat', 'Gujarat'),
(11, 'Lucknow', 'Uttar Pradesh'),
(12, 'Kanpur', 'Uttar Pradesh'),
(13, 'Nagpur', 'Maharashtra'),
(14, 'Patna', 'Bihar'),
(15, 'Indore', 'Madhya Pradesh'),
(16, 'Thane', 'Maharashtra'),
(17, 'Bhopal', 'Madhya Pradesh'),
(18, 'Visakhapatnam', 'Andhra Pradesh'),
(19, 'Vadodara', 'Gujarat'),
(20, 'Firozabad', 'Uttar Pradesh'),
(21, 'Ludhiana', 'Punjab'),
(22, 'Rajkot', 'Gujarat'),
(23, 'Agra', 'Uttar Pradesh'),
(24, 'Siliguri', 'West Bengal'),
(25, 'Nashik', 'Maharashtra'),
(26, 'Faridabad', 'Haryana'),
(27, 'Patiala', 'Punjab'),
(28, 'Meerut', 'Uttar Pradesh'),
(29, 'Kalyan-Dombivali', 'Maharashtra'),
(30, 'Vasai-Virar', 'Maharashtra'),
(31, 'Varanasi', 'Uttar Pradesh'),
(32, 'Srinagar', 'Jammu and Kashmir'),
(33, 'Dhanbad', 'Jharkhand'),
(34, 'Jodhpur', 'Rajasthan'),
(35, 'Amritsar', 'Punjab'),
(36, 'Raipur', 'Chhattisgarh'),
(37, 'Allahabad', 'Uttar Pradesh'),
(38, 'Coimbatore', 'Tamil Nadu'),
(39, 'Jabalpur', 'Madhya Pradesh'),
(40, 'Gwalior', 'Madhya Pradesh'),
(41, 'Vijayawada', 'Andhra Pradesh'),
(42, 'Madurai', 'Tamil Nadu'),
(43, 'Guwahati', 'Assam'),
(44, 'Chandigarh', 'Chandigarh'),
(45, 'Hubli-Dharwad', 'Karnataka'),
(46, 'Amroha', 'Uttar Pradesh'),
(47, 'Moradabad', 'Uttar Pradesh'),
(48, 'Gurgaon', 'Haryana'),
(49, 'Aligarh', 'Uttar Pradesh'),
(50, 'Solapur', 'Maharashtra'),
(51, 'Ranchi', 'Jharkhand'),
(52, 'Jalandhar', 'Punjab'),
(53, 'Tiruchirappalli', 'Tamil Nadu'),
(54, 'Bhubaneswar', 'Odisha'),
(55, 'Salem', 'Tamil Nadu'),
(56, 'Warangal', 'Telangana'),
(57, 'Mira-Bhayandar', 'Maharashtra'),
(58, 'Thiruvananthapuram', 'Kerala'),
(59, 'Bhiwandi', 'Maharashtra'),
(60, 'Saharanpur', 'Uttar Pradesh'),
(61, 'Guntur', 'Andhra Pradesh'),
(62, 'Amravati', 'Maharashtra'),
(63, 'Bikaner', 'Rajasthan'),
(64, 'Noida', 'Uttar Pradesh'),
(65, 'Jamshedpur', 'Jharkhand'),
(66, 'Bhilai Nagar', 'Chhattisgarh'),
(67, 'Cuttack', 'Odisha'),
(68, 'Kochi', 'Kerala'),
(69, 'Udaipur', 'Rajasthan'),
(70, 'Bhavnagar', 'Gujarat'),
(71, 'Dehradun', 'Uttarakhand'),
(72, 'Asansol', 'West Bengal'),
(73, 'Nanded-Waghala', 'Maharashtra'),
(74, 'Ajmer', 'Rajasthan'),
(75, 'Jamnagar', 'Gujarat'),
(76, 'Ujjain', 'Madhya Pradesh'),
(77, 'Sangli', 'Maharashtra'),
(78, 'Loni', 'Uttar Pradesh'),
(79, 'Jhansi', 'Uttar Pradesh'),
(80, 'Pondicherry', 'Puducherry'),
(81, 'Nellore', 'Andhra Pradesh'),
(82, 'Jammu', 'Jammu and Kashmir'),
(83, 'Belagavi', 'Karnataka'),
(84, 'Raurkela', 'Odisha'),
(85, 'Mangaluru', 'Karnataka'),
(86, 'Tirunelveli', 'Tamil Nadu'),
(87, 'Malegaon', 'Maharashtra'),
(88, 'Gaya', 'Bihar'),
(89, 'Tiruppur', 'Tamil Nadu'),
(90, 'Davanagere', 'Karnataka'),
(91, 'Kozhikode', 'Kerala'),
(92, 'Akola', 'Maharashtra'),
(93, 'Kurnool', 'Andhra Pradesh'),
(94, 'Bokaro Steel City', 'Jharkhand'),
(95, 'Rajahmundry', 'Andhra Pradesh'),
(96, 'Ballari', 'Karnataka'),
(97, 'Agartala', 'Tripura'),
(98, 'Bhagalpur', 'Bihar'),
(99, 'Latur', 'Maharashtra'),
(100, 'Dhule', 'Maharashtra'),
(101, 'Korba', 'Chhattisgarh'),
(102, 'Bhilwara', 'Rajasthan'),
(103, 'Brahmapur', 'Odisha'),
(104, 'Mysore', 'Karnataka'),
(105, 'Muzaffarpur', 'Bihar'),
(106, 'Ahmednagar', 'Maharashtra'),
(107, 'Kollam', 'Kerala'),
(108, 'Raghunathganj', 'West Bengal'),
(109, 'Bilaspur', 'Chhattisgarh'),
(110, 'Shahjahanpur', 'Uttar Pradesh'),
(111, 'Thrissur', 'Kerala'),
(112, 'Alwar', 'Rajasthan'),
(113, 'Kakinada', 'Andhra Pradesh'),
(114, 'Nizamabad', 'Telangana'),
(115, 'Sagar', 'Madhya Pradesh'),
(116, 'Tumkur', 'Karnataka'),
(117, 'Hisar', 'Haryana'),
(118, 'Rohtak', 'Haryana'),
(119, 'Panipat', 'Haryana'),
(120, 'Darbhanga', 'Bihar'),
(121, 'Kharagpur', 'West Bengal'),
(122, 'Aizawl', 'Mizoram'),
(123, 'Ichalkaranji', 'Maharashtra'),
(124, 'Tirupati', 'Andhra Pradesh'),
(125, 'Karnal', 'Haryana'),
(126, 'Bathinda', 'Punjab'),
(127, 'Rampur', 'Uttar Pradesh'),
(128, 'Shivamogga', 'Karnataka'),
(129, 'Ratlam', 'Madhya Pradesh'),
(130, 'Modinagar', 'Uttar Pradesh'),
(131, 'Durg', 'Chhattisgarh'),
(132, 'Shillong', 'Meghalaya'),
(133, 'Imphal', 'Manipur'),
(134, 'Hapur', 'Uttar Pradesh'),
(135, 'Ranipet', 'Tamil Nadu'),
(136, 'Anantapur', 'Andhra Pradesh'),
(137, 'Arrah', 'Bihar'),
(138, 'Karimnagar', 'Telangana'),
(139, 'Parbhani', 'Maharashtra'),
(140, 'Etawah', 'Uttar Pradesh'),
(141, 'Bharatpur', 'Rajasthan'),
(142, 'Begusarai', 'Bihar'),
(143, 'New Delhi', 'Delhi'),
(144, 'Chhapra', 'Bihar'),
(145, 'Kadapa', 'Andhra Pradesh'),
(146, 'Ramagundam', 'Telangana'),
(147, 'Pali', 'Rajasthan'),
(148, 'Satna', 'Madhya Pradesh'),
(149, 'Vizianagaram', 'Andhra Pradesh'),
(150, 'Katihar', 'Bihar'),
(151, 'Hardwar', 'Uttarakhand'),
(152, 'Sonipat', 'Haryana'),
(153, 'Nagercoil', 'Tamil Nadu'),
(154, 'Thanjavur', 'Tamil Nadu'),
(155, 'Murwara (Katni)', 'Madhya Pradesh'),
(156, 'Naihati', 'West Bengal'),
(157, 'Sambhal', 'Uttar Pradesh'),
(158, 'Nadiad', 'Gujarat'),
(159, 'Yamunanagar', 'Haryana'),
(160, 'English Bazar', 'West Bengal'),
(161, 'Eluru', 'Andhra Pradesh'),
(162, 'Munger', 'Bihar'),
(163, 'Panchkula', 'Haryana'),
(164, 'Raayachuru', 'Karnataka'),
(165, 'Panvel', 'Maharashtra'),
(166, 'Deoghar', 'Jharkhand'),
(167, 'Ongole', 'Andhra Pradesh'),
(168, 'Nandyal', 'Andhra Pradesh'),
(169, 'Morena', 'Madhya Pradesh'),
(170, 'Bhiwani', 'Haryana'),
(171, 'Porbandar', 'Gujarat'),
(172, 'Palakkad', 'Kerala'),
(173, 'Anand', 'Gujarat'),
(174, 'Purnia', 'Bihar'),
(175, 'Baharampur', 'West Bengal'),
(176, 'Barmer', 'Rajasthan'),
(177, 'Morvi', 'Gujarat'),
(178, 'Orai', 'Uttar Pradesh'),
(179, 'Bahraich', 'Uttar Pradesh'),
(180, 'Sikar', 'Rajasthan'),
(181, 'Vellore', 'Tamil Nadu'),
(182, 'Singrauli', 'Madhya Pradesh'),
(183, 'Khammam', 'Telangana'),
(184, 'Mahesana', 'Gujarat'),
(185, 'Silchar', 'Assam'),
(186, 'Sambalpur', 'Odisha'),
(187, 'Rewa', 'Madhya Pradesh'),
(188, 'Unnao', 'Uttar Pradesh'),
(189, 'Hugli-Chinsurah', 'West Bengal'),
(190, 'Raiganj', 'West Bengal'),
(191, 'Phusro', 'Jharkhand'),
(192, 'Adityapur', 'Jharkhand'),
(193, 'Alappuzha', 'Kerala'),
(194, 'Bahadurgarh', 'Haryana'),
(195, 'Machilipatnam', 'Andhra Pradesh'),
(196, 'Rae Bareli', 'Uttar Pradesh'),
(197, 'Jalpaiguri', 'West Bengal'),
(198, 'Bharuch', 'Gujarat'),
(199, 'Pathankot', 'Punjab'),
(200, 'Hoshiarpur', 'Punjab'),
(201, 'Baramula', 'Jammu and Kashmir'),
(202, 'Adoni', 'Andhra Pradesh'),
(203, 'Jind', 'Haryana'),
(204, 'Tonk', 'Rajasthan'),
(205, 'Tenali', 'Andhra Pradesh'),
(206, 'Kancheepuram', 'Tamil Nadu'),
(207, 'Vapi', 'Gujarat'),
(208, 'Sirsa', 'Haryana'),
(209, 'Navsari', 'Gujarat'),
(210, 'Mahbubnagar', 'Telangana'),
(211, 'Puri', 'Odisha'),
(212, 'Robertson Pet', 'Karnataka'),
(213, 'Erode', 'Tamil Nadu'),
(214, 'Batala', 'Punjab'),
(215, 'Haldwani-cum-Kathgodam', 'Uttarakhand'),
(216, 'Vidisha', 'Madhya Pradesh'),
(217, 'Saharsa', 'Bihar'),
(218, 'Thanesar', 'Haryana'),
(219, 'Chittoor', 'Andhra Pradesh'),
(220, 'Veraval', 'Gujarat'),
(221, 'Lakhimpur', 'Uttar Pradesh'),
(222, 'Sitapur', 'Uttar Pradesh'),
(223, 'Hindupur', 'Andhra Pradesh'),
(224, 'Santipur', 'West Bengal'),
(225, 'Balurghat', 'West Bengal'),
(226, 'Ganjbasoda', 'Madhya Pradesh'),
(227, 'Moga', 'Punjab'),
(228, 'Proddatur', 'Andhra Pradesh'),
(229, 'Srinagar', 'Uttarakhand'),
(230, 'Medinipur', 'West Bengal'),
(231, 'Habra', 'West Bengal'),
(232, 'Sasaram', 'Bihar'),
(233, 'Hajipur', 'Bihar'),
(234, 'Bhuj', 'Gujarat'),
(235, 'Shivpuri', 'Madhya Pradesh'),
(236, 'Ranaghat', 'West Bengal'),
(237, 'Shimla', 'Himachal Pradesh'),
(238, 'Tiruvannamalai', 'Tamil Nadu'),
(239, 'Kaithal', 'Haryana'),
(240, 'Rajnandgaon', 'Chhattisgarh'),
(241, 'Godhra', 'Gujarat'),
(242, 'Hazaribag', 'Jharkhand'),
(243, 'Bhimavaram', 'Andhra Pradesh'),
(244, 'Mandsaur', 'Madhya Pradesh'),
(245, 'Dibrugarh', 'Assam'),
(246, 'Kolar', 'Karnataka'),
(247, 'Bankura', 'West Bengal'),
(248, 'Mandya', 'Karnataka'),
(249, 'Dehri-on-Sone', 'Bihar'),
(250, 'Madanapalle', 'Andhra Pradesh'),
(251, 'Malerkotla', 'Punjab'),
(252, 'Lalitpur', 'Uttar Pradesh'),
(253, 'Bettiah', 'Bihar'),
(254, 'Pollachi', 'Tamil Nadu'),
(255, 'Khanna', 'Punjab'),
(256, 'Neemuch', 'Madhya Pradesh'),
(257, 'Palwal', 'Haryana'),
(258, 'Palanpur', 'Gujarat'),
(259, 'Guntakal', 'Andhra Pradesh'),
(260, 'Nabadwip', 'West Bengal'),
(261, 'Udupi', 'Karnataka'),
(262, 'Jagdalpur', 'Chhattisgarh'),
(263, 'Motihari', 'Bihar'),
(264, 'Pilibhit', 'Uttar Pradesh'),
(265, 'Dimapur', 'Nagaland'),
(266, 'Mohali', 'Punjab'),
(267, 'Sadulpur', 'Rajasthan'),
(268, 'Rajapalayam', 'Tamil Nadu'),
(269, 'Dharmavaram', 'Andhra Pradesh'),
(270, 'Kashipur', 'Uttarakhand'),
(271, 'Sivakasi', 'Tamil Nadu'),
(272, 'Darjiling', 'West Bengal'),
(273, 'Chikkamagaluru', 'Karnataka'),
(274, 'Gudivada', 'Andhra Pradesh'),
(275, 'Baleshwar Town', 'Odisha'),
(276, 'Mancherial', 'Telangana'),
(277, 'Srikakulam', 'Andhra Pradesh'),
(278, 'Adilabad', 'Telangana'),
(279, 'Yavatmal', 'Maharashtra'),
(280, 'Barnala', 'Punjab'),
(281, 'Nagaon', 'Assam'),
(282, 'Narasaraopet', 'Andhra Pradesh'),
(283, 'Raigarh', 'Chhattisgarh'),
(284, 'Roorkee', 'Uttarakhand'),
(285, 'Valsad', 'Gujarat'),
(286, 'Ambikapur', 'Chhattisgarh'),
(287, 'Giridih', 'Jharkhand'),
(288, 'Chandausi', 'Uttar Pradesh'),
(289, 'Purulia', 'West Bengal'),
(290, 'Patan', 'Gujarat'),
(291, 'Bagaha', 'Bihar'),
(292, 'Hardoi ', 'Uttar Pradesh'),
(293, 'Achalpur', 'Maharashtra'),
(294, 'Osmanabad', 'Maharashtra'),
(295, 'Deesa', 'Gujarat'),
(296, 'Nandurbar', 'Maharashtra'),
(297, 'Azamgarh', 'Uttar Pradesh'),
(298, 'Ramgarh', 'Jharkhand'),
(299, 'Firozpur', 'Punjab'),
(300, 'Baripada Town', 'Odisha'),
(301, 'Karwar', 'Karnataka'),
(302, 'Siwan', 'Bihar'),
(303, 'Rajampet', 'Andhra Pradesh'),
(304, 'Pudukkottai', 'Tamil Nadu'),
(305, 'Anantnag', 'Jammu and Kashmir'),
(306, 'Tadpatri', 'Andhra Pradesh'),
(307, 'Satara', 'Maharashtra'),
(308, 'Bhadrak', 'Odisha'),
(309, 'Kishanganj', 'Bihar'),
(310, 'Suryapet', 'Telangana'),
(311, 'Wardha', 'Maharashtra'),
(312, 'Ranebennuru', 'Karnataka'),
(313, 'Amreli', 'Gujarat'),
(314, 'Neyveli (TS)', 'Tamil Nadu'),
(315, 'Jamalpur', 'Bihar'),
(316, 'Marmagao', 'Goa'),
(317, 'Udgir', 'Maharashtra'),
(318, 'Tadepalligudem', 'Andhra Pradesh'),
(319, 'Nagapattinam', 'Tamil Nadu'),
(320, 'Buxar', 'Bihar'),
(321, 'Aurangabad', 'Maharashtra'),
(322, 'Jehanabad', 'Bihar'),
(323, 'Phagwara', 'Punjab'),
(324, 'Khair', 'Uttar Pradesh'),
(325, 'Sawai Madhopur', 'Rajasthan'),
(326, 'Kapurthala', 'Punjab'),
(327, 'Chilakaluripet', 'Andhra Pradesh'),
(328, 'Aurangabad', 'Bihar'),
(329, 'Malappuram', 'Kerala'),
(330, 'Rewari', 'Haryana'),
(331, 'Nagaur', 'Rajasthan'),
(332, 'Sultanpur', 'Uttar Pradesh'),
(333, 'Nagda', 'Madhya Pradesh'),
(334, 'Port Blair', 'Andaman and Nicobar Islands'),
(335, 'Lakhisarai', 'Bihar'),
(336, 'Panaji', 'Goa'),
(337, 'Tinsukia', 'Assam'),
(338, 'Itarsi', 'Madhya Pradesh'),
(339, 'Kohima', 'Nagaland'),
(340, 'Balangir', 'Odisha'),
(341, 'Nawada', 'Bihar'),
(342, 'Jharsuguda', 'Odisha'),
(343, 'Jagtial', 'Telangana'),
(344, 'Viluppuram', 'Tamil Nadu'),
(345, 'Amalner', 'Maharashtra'),
(346, 'Zirakpur', 'Punjab'),
(347, 'Tanda', 'Uttar Pradesh'),
(348, 'Tiruchengode', 'Tamil Nadu'),
(349, 'Nagina', 'Uttar Pradesh'),
(350, 'Yemmiganur', 'Andhra Pradesh'),
(351, 'Vaniyambadi', 'Tamil Nadu'),
(352, 'Sarni', 'Madhya Pradesh'),
(353, 'Theni Allinagaram', 'Tamil Nadu'),
(354, 'Margao', 'Goa'),
(355, 'Akot', 'Maharashtra'),
(356, 'Sehore', 'Madhya Pradesh'),
(357, 'Mhow Cantonment', 'Madhya Pradesh'),
(358, 'Kot Kapura', 'Punjab'),
(359, 'Makrana', 'Rajasthan'),
(360, 'Pandharpur', 'Maharashtra'),
(361, 'Miryalaguda', 'Telangana'),
(362, 'Shamli', 'Uttar Pradesh'),
(363, 'Seoni', 'Madhya Pradesh'),
(364, 'Ranibennur', 'Karnataka'),
(365, 'Kadiri', 'Andhra Pradesh'),
(366, 'Shrirampur', 'Maharashtra'),
(367, 'Rudrapur', 'Uttarakhand'),
(368, 'Parli', 'Maharashtra'),
(369, 'Najibabad', 'Uttar Pradesh'),
(370, 'Nirmal', 'Telangana'),
(371, 'Udhagamandalam', 'Tamil Nadu'),
(372, 'Shikohabad', 'Uttar Pradesh'),
(373, 'Jhumri Tilaiya', 'Jharkhand'),
(374, 'Aruppukkottai', 'Tamil Nadu'),
(375, 'Ponnani', 'Kerala'),
(376, 'Jamui', 'Bihar'),
(377, 'Sitamarhi', 'Bihar'),
(378, 'Chirala', 'Andhra Pradesh'),
(379, 'Anjar', 'Gujarat'),
(380, 'Karaikal', 'Puducherry'),
(381, 'Hansi', 'Haryana'),
(382, 'Anakapalle', 'Andhra Pradesh'),
(383, 'Mahasamund', 'Chhattisgarh'),
(384, 'Faridkot', 'Punjab'),
(385, 'Saunda', 'Jharkhand'),
(386, 'Dhoraji', 'Gujarat'),
(387, 'Paramakudi', 'Tamil Nadu'),
(388, 'Balaghat', 'Madhya Pradesh'),
(389, 'Sujangarh', 'Rajasthan'),
(390, 'Khambhat', 'Gujarat'),
(391, 'Muktsar', 'Punjab'),
(392, 'Rajpura', 'Punjab'),
(393, 'Kavali', 'Andhra Pradesh'),
(394, 'Dhamtari', 'Chhattisgarh'),
(395, 'Ashok Nagar', 'Madhya Pradesh'),
(396, 'Sardarshahar', 'Rajasthan'),
(397, 'Mahuva', 'Gujarat'),
(398, 'Bargarh', 'Odisha'),
(399, 'Kamareddy', 'Telangana'),
(400, 'Sahibganj', 'Jharkhand'),
(401, 'Kothagudem', 'Telangana'),
(402, 'Ramanagaram', 'Karnataka'),
(403, 'Gokak', 'Karnataka'),
(404, 'Tikamgarh', 'Madhya Pradesh'),
(405, 'Araria', 'Bihar'),
(406, 'Rishikesh', 'Uttarakhand'),
(407, 'Shahdol', 'Madhya Pradesh'),
(408, 'Medininagar (Daltonganj)', 'Jharkhand'),
(409, 'Arakkonam', 'Tamil Nadu'),
(410, 'Washim', 'Maharashtra'),
(411, 'Sangrur', 'Punjab'),
(412, 'Bodhan', 'Telangana'),
(413, 'Fazilka', 'Punjab'),
(414, 'Palacole', 'Andhra Pradesh'),
(415, 'Keshod', 'Gujarat'),
(416, 'Sullurpeta', 'Andhra Pradesh'),
(417, 'Wadhwan', 'Gujarat'),
(418, 'Gurdaspur', 'Punjab'),
(419, 'Vatakara', 'Kerala'),
(420, 'Tura', 'Meghalaya'),
(421, 'Narnaul', 'Haryana'),
(422, 'Kharar', 'Punjab'),
(423, 'Yadgir', 'Karnataka'),
(424, 'Ambejogai', 'Maharashtra'),
(425, 'Ankleshwar', 'Gujarat'),
(426, 'Savarkundla', 'Gujarat'),
(427, 'Paradip', 'Odisha'),
(428, 'Virudhachalam', 'Tamil Nadu'),
(429, 'Kanhangad', 'Kerala'),
(430, 'Kadi', 'Gujarat'),
(431, 'Srivilliputhur', 'Tamil Nadu'),
(432, 'Gobindgarh', 'Punjab'),
(433, 'Tindivanam', 'Tamil Nadu'),
(434, 'Mansa', 'Punjab'),
(435, 'Taliparamba', 'Kerala'),
(436, 'Manmad', 'Maharashtra'),
(437, 'Tanuku', 'Andhra Pradesh'),
(438, 'Rayachoti', 'Andhra Pradesh'),
(439, 'Virudhunagar', 'Tamil Nadu'),
(440, 'Koyilandy', 'Kerala'),
(441, 'Jorhat', 'Assam'),
(442, 'Karur', 'Tamil Nadu'),
(443, 'Valparai', 'Tamil Nadu'),
(444, 'Srikalahasti', 'Andhra Pradesh'),
(445, 'Neyyattinkara', 'Kerala'),
(446, 'Bapatla', 'Andhra Pradesh'),
(447, 'Fatehabad', 'Haryana'),
(448, 'Malout', 'Punjab'),
(449, 'Sankarankovil', 'Tamil Nadu'),
(450, 'Tenkasi', 'Tamil Nadu'),
(451, 'Ratnagiri', 'Maharashtra'),
(452, 'Rabkavi Banhatti', 'Karnataka'),
(453, 'Sikandrabad', 'Uttar Pradesh'),
(454, 'Chaibasa', 'Jharkhand'),
(455, 'Chirmiri', 'Chhattisgarh'),
(456, 'Palwancha', 'Telangana'),
(457, 'Bhawanipatna', 'Odisha'),
(458, 'Kayamkulam', 'Kerala'),
(459, 'Pithampur', 'Madhya Pradesh'),
(460, 'Nabha', 'Punjab'),
(461, 'Shahabad, Hardoi', 'Uttar Pradesh'),
(462, 'Dhenkanal', 'Odisha'),
(463, 'Uran Islampur', 'Maharashtra'),
(464, 'Gopalganj', 'Bihar'),
(465, 'Bongaigaon City', 'Assam'),
(466, 'Palani', 'Tamil Nadu'),
(467, 'Pusad', 'Maharashtra'),
(468, 'Sopore', 'Jammu and Kashmir'),
(469, 'Pilkhuwa', 'Uttar Pradesh'),
(470, 'Tarn Taran', 'Punjab'),
(471, 'Renukoot', 'Uttar Pradesh'),
(472, 'Mandamarri', 'Telangana'),
(473, 'Shahabad', 'Karnataka'),
(474, 'Barbil', 'Odisha'),
(475, 'Koratla', 'Telangana'),
(476, 'Madhubani', 'Bihar'),
(477, 'Arambagh', 'West Bengal'),
(478, 'Gohana', 'Haryana'),
(479, 'Ladnu', 'Rajasthan'),
(480, 'Pattukkottai', 'Tamil Nadu'),
(481, 'Sirsi', 'Karnataka'),
(482, 'Sircilla', 'Telangana'),
(483, 'Tamluk', 'West Bengal'),
(484, 'Jagraon', 'Punjab'),
(485, 'AlipurdUrban Agglomerationr', 'West Bengal'),
(486, 'Alirajpur', 'Madhya Pradesh'),
(487, 'Tandur', 'Telangana'),
(488, 'Naidupet', 'Andhra Pradesh'),
(489, 'Tirupathur', 'Tamil Nadu'),
(490, 'Tohana', 'Haryana'),
(491, 'Ratangarh', 'Rajasthan'),
(492, 'Dhubri', 'Assam'),
(493, 'Masaurhi', 'Bihar'),
(494, 'Visnagar', 'Gujarat'),
(495, 'Vrindavan', 'Uttar Pradesh'),
(496, 'Nokha', 'Rajasthan'),
(497, 'Nagari', 'Andhra Pradesh'),
(498, 'Narwana', 'Haryana'),
(499, 'Ramanathapuram', 'Tamil Nadu'),
(500, 'Ujhani', 'Uttar Pradesh'),
(501, 'Samastipur', 'Bihar'),
(502, 'Laharpur', 'Uttar Pradesh'),
(503, 'Sangamner', 'Maharashtra'),
(504, 'Nimbahera', 'Rajasthan'),
(505, 'Siddipet', 'Telangana'),
(506, 'Suri', 'West Bengal'),
(507, 'Diphu', 'Assam'),
(508, 'Jhargram', 'West Bengal'),
(509, 'Shirpur-Warwade', 'Maharashtra'),
(510, 'Tilhar', 'Uttar Pradesh'),
(511, 'Sindhnur', 'Karnataka'),
(512, 'Udumalaipettai', 'Tamil Nadu'),
(513, 'Malkapur', 'Maharashtra'),
(514, 'Wanaparthy', 'Telangana'),
(515, 'Gudur', 'Andhra Pradesh'),
(516, 'Kendujhar', 'Odisha'),
(517, 'Mandla', 'Madhya Pradesh'),
(518, 'Mandi', 'Himachal Pradesh'),
(519, 'Nedumangad', 'Kerala'),
(520, 'North Lakhimpur', 'Assam'),
(521, 'Vinukonda', 'Andhra Pradesh'),
(522, 'Tiptur', 'Karnataka'),
(523, 'Gobichettipalayam', 'Tamil Nadu'),
(524, 'Sunabeda', 'Odisha'),
(525, 'Wani', 'Maharashtra'),
(526, 'Upleta', 'Gujarat'),
(527, 'Narasapuram', 'Andhra Pradesh'),
(528, 'Nuzvid', 'Andhra Pradesh'),
(529, 'Tezpur', 'Assam'),
(530, 'Una', 'Gujarat'),
(531, 'Markapur', 'Andhra Pradesh'),
(532, 'Sheopur', 'Madhya Pradesh'),
(533, 'Thiruvarur', 'Tamil Nadu'),
(534, 'Sidhpur', 'Gujarat'),
(535, 'Sahaswan', 'Uttar Pradesh'),
(536, 'Suratgarh', 'Rajasthan'),
(537, 'Shajapur', 'Madhya Pradesh'),
(538, 'Rayagada', 'Odisha'),
(539, 'Lonavla', 'Maharashtra'),
(540, 'Ponnur', 'Andhra Pradesh'),
(541, 'Kagaznagar', 'Telangana'),
(542, 'Gadwal', 'Telangana'),
(543, 'Bhatapara', 'Chhattisgarh'),
(544, 'Kandukur', 'Andhra Pradesh'),
(545, 'Sangareddy', 'Telangana'),
(546, 'Unjha', 'Gujarat'),
(547, 'Lunglei', 'Mizoram'),
(548, 'Karimganj', 'Assam'),
(549, 'Kannur', 'Kerala'),
(550, 'Bobbili', 'Andhra Pradesh'),
(551, 'Mokameh', 'Bihar'),
(552, 'Talegaon Dabhade', 'Maharashtra'),
(553, 'Anjangaon', 'Maharashtra'),
(554, 'Mangrol', 'Gujarat'),
(555, 'Sunam', 'Punjab'),
(556, 'Gangarampur', 'West Bengal'),
(557, 'Thiruvallur', 'Tamil Nadu'),
(558, 'Tirur', 'Kerala'),
(559, 'Rath', 'Uttar Pradesh'),
(560, 'Jatani', 'Odisha'),
(561, 'Viramgam', 'Gujarat'),
(562, 'Rajsamand', 'Rajasthan'),
(563, 'Yanam', 'Puducherry'),
(564, 'Kottayam', 'Kerala'),
(565, 'Panruti', 'Tamil Nadu'),
(566, 'Dhuri', 'Punjab'),
(567, 'Namakkal', 'Tamil Nadu'),
(568, 'Kasaragod', 'Kerala'),
(569, 'Modasa', 'Gujarat'),
(570, 'Rayadurg', 'Andhra Pradesh'),
(571, 'Supaul', 'Bihar'),
(572, 'Kunnamkulam', 'Kerala'),
(573, 'Umred', 'Maharashtra'),
(574, 'Bellampalle', 'Telangana'),
(575, 'Sibsagar', 'Assam'),
(576, 'Mandi Dabwali', 'Haryana'),
(577, 'Ottappalam', 'Kerala'),
(578, 'Dumraon', 'Bihar'),
(579, 'Samalkot', 'Andhra Pradesh'),
(580, 'Jaggaiahpet', 'Andhra Pradesh'),
(581, 'Goalpara', 'Assam'),
(582, 'Tuni', 'Andhra Pradesh'),
(583, 'Lachhmangarh', 'Rajasthan'),
(584, 'Bhongir', 'Telangana'),
(585, 'Amalapuram', 'Andhra Pradesh'),
(586, 'Firozpur Cantt.', 'Punjab'),
(587, 'Vikarabad', 'Telangana'),
(588, 'Thiruvalla', 'Kerala'),
(589, 'Sherkot', 'Uttar Pradesh'),
(590, 'Palghar', 'Maharashtra'),
(591, 'Shegaon', 'Maharashtra'),
(592, 'Jangaon', 'Telangana'),
(593, 'Bheemunipatnam', 'Andhra Pradesh'),
(594, 'Panna', 'Madhya Pradesh'),
(595, 'Thodupuzha', 'Kerala'),
(596, 'KathUrban Agglomeration', 'Jammu and Kashmir'),
(597, 'Palitana', 'Gujarat'),
(598, 'Arwal', 'Bihar'),
(599, 'Venkatagiri', 'Andhra Pradesh'),
(600, 'Kalpi', 'Uttar Pradesh'),
(601, 'Rajgarh (Churu)', 'Rajasthan'),
(602, 'Sattenapalle', 'Andhra Pradesh'),
(603, 'Arsikere', 'Karnataka'),
(604, 'Ozar', 'Maharashtra'),
(605, 'Thirumangalam', 'Tamil Nadu'),
(606, 'Petlad', 'Gujarat'),
(607, 'Nasirabad', 'Rajasthan'),
(608, 'Phaltan', 'Maharashtra'),
(609, 'Rampurhat', 'West Bengal'),
(610, 'Nanjangud', 'Karnataka'),
(611, 'Forbesganj', 'Bihar'),
(612, 'Tundla', 'Uttar Pradesh'),
(613, 'BhabUrban Agglomeration', 'Bihar'),
(614, 'Sagara', 'Karnataka'),
(615, 'Pithapuram', 'Andhra Pradesh'),
(616, 'Sira', 'Karnataka'),
(617, 'Bhadrachalam', 'Telangana'),
(618, 'Charkhi Dadri', 'Haryana'),
(619, 'Chatra', 'Jharkhand'),
(620, 'Palasa Kasibugga', 'Andhra Pradesh'),
(621, 'Nohar', 'Rajasthan'),
(622, 'Yevla', 'Maharashtra'),
(623, 'Sirhind Fatehgarh Sahib', 'Punjab'),
(624, 'Bhainsa', 'Telangana'),
(625, 'Parvathipuram', 'Andhra Pradesh'),
(626, 'Shahade', 'Maharashtra'),
(627, 'Chalakudy', 'Kerala'),
(628, 'Narkatiaganj', 'Bihar'),
(629, 'Kapadvanj', 'Gujarat'),
(630, 'Macherla', 'Andhra Pradesh'),
(631, 'Raghogarh-Vijaypur', 'Madhya Pradesh'),
(632, 'Rupnagar', 'Punjab'),
(633, 'Naugachhia', 'Bihar'),
(634, 'Sendhwa', 'Madhya Pradesh'),
(635, 'Byasanagar', 'Odisha'),
(636, 'Sandila', 'Uttar Pradesh'),
(637, 'Gooty', 'Andhra Pradesh'),
(638, 'Salur', 'Andhra Pradesh'),
(639, 'Nanpara', 'Uttar Pradesh'),
(640, 'Sardhana', 'Uttar Pradesh'),
(641, 'Vita', 'Maharashtra'),
(642, 'Gumia', 'Jharkhand'),
(643, 'Puttur', 'Karnataka'),
(644, 'Jalandhar Cantt.', 'Punjab'),
(645, 'Nehtaur', 'Uttar Pradesh'),
(646, 'Changanassery', 'Kerala'),
(647, 'Mandapeta', 'Andhra Pradesh'),
(648, 'Dumka', 'Jharkhand'),
(649, 'Seohara', 'Uttar Pradesh'),
(650, 'Umarkhed', 'Maharashtra'),
(651, 'Madhupur', 'Jharkhand'),
(652, 'Vikramasingapuram', 'Tamil Nadu'),
(653, 'Punalur', 'Kerala'),
(654, 'Kendrapara', 'Odisha'),
(655, 'Sihor', 'Gujarat'),
(656, 'Nellikuppam', 'Tamil Nadu'),
(657, 'Samana', 'Punjab'),
(658, 'Warora', 'Maharashtra'),
(659, 'Nilambur', 'Kerala'),
(660, 'Rasipuram', 'Tamil Nadu'),
(661, 'Ramnagar', 'Uttarakhand'),
(662, 'Jammalamadugu', 'Andhra Pradesh'),
(663, 'Nawanshahr', 'Punjab'),
(664, 'Thoubal', 'Manipur'),
(665, 'Athni', 'Karnataka'),
(666, 'Cherthala', 'Kerala'),
(667, 'Sidhi', 'Madhya Pradesh'),
(668, 'Farooqnagar', 'Telangana'),
(669, 'Peddapuram', 'Andhra Pradesh'),
(670, 'Chirkunda', 'Jharkhand'),
(671, 'Pachora', 'Maharashtra'),
(672, 'Madhepura', 'Bihar'),
(673, 'Pithoragarh', 'Uttarakhand'),
(674, 'Tumsar', 'Maharashtra'),
(675, 'Phalodi', 'Rajasthan'),
(676, 'Tiruttani', 'Tamil Nadu'),
(677, 'Rampura Phul', 'Punjab'),
(678, 'Perinthalmanna', 'Kerala'),
(679, 'Padrauna', 'Uttar Pradesh'),
(680, 'Pipariya', 'Madhya Pradesh'),
(681, 'Dalli-Rajhara', 'Chhattisgarh'),
(682, 'Punganur', 'Andhra Pradesh'),
(683, 'Mattannur', 'Kerala'),
(684, 'Mathura', 'Uttar Pradesh'),
(685, 'Thakurdwara', 'Uttar Pradesh'),
(686, 'Nandivaram-Guduvancheri', 'Tamil Nadu'),
(687, 'Mulbagal', 'Karnataka'),
(688, 'Manjlegaon', 'Maharashtra'),
(689, 'Wankaner', 'Gujarat'),
(690, 'Sillod', 'Maharashtra'),
(691, 'Nidadavole', 'Andhra Pradesh'),
(692, 'Surapura', 'Karnataka'),
(693, 'Rajagangapur', 'Odisha'),
(694, 'Sheikhpura', 'Bihar'),
(695, 'Parlakhemundi', 'Odisha'),
(696, 'Kalimpong', 'West Bengal'),
(697, 'Siruguppa', 'Karnataka'),
(698, 'Arvi', 'Maharashtra'),
(699, 'Limbdi', 'Gujarat'),
(700, 'Barpeta', 'Assam'),
(701, 'Manglaur', 'Uttarakhand'),
(702, 'Repalle', 'Andhra Pradesh'),
(703, 'Mudhol', 'Karnataka'),
(704, 'Shujalpur', 'Madhya Pradesh'),
(705, 'Mandvi', 'Gujarat'),
(706, 'Thangadh', 'Gujarat'),
(707, 'Sironj', 'Madhya Pradesh'),
(708, 'Nandura', 'Maharashtra'),
(709, 'Shoranur', 'Kerala'),
(710, 'Nathdwara', 'Rajasthan'),
(711, 'Periyakulam', 'Tamil Nadu'),
(712, 'Sultanganj', 'Bihar'),
(713, 'Medak', 'Telangana'),
(714, 'Narayanpet', 'Telangana'),
(715, 'Raxaul Bazar', 'Bihar'),
(716, 'Rajauri', 'Jammu and Kashmir'),
(717, 'Pernampattu', 'Tamil Nadu'),
(718, 'Nainital', 'Uttarakhand'),
(719, 'Ramachandrapuram', 'Andhra Pradesh'),
(720, 'Vaijapur', 'Maharashtra'),
(721, 'Nangal', 'Punjab'),
(722, 'Sidlaghatta', 'Karnataka'),
(723, 'Punch', 'Jammu and Kashmir'),
(724, 'Pandhurna', 'Madhya Pradesh'),
(725, 'Wadgaon Road', 'Maharashtra'),
(726, 'Talcher', 'Odisha'),
(727, 'Varkala', 'Kerala'),
(728, 'Pilani', 'Rajasthan'),
(729, 'Nowgong', 'Madhya Pradesh'),
(730, 'Naila Janjgir', 'Chhattisgarh'),
(731, 'Mapusa', 'Goa'),
(732, 'Vellakoil', 'Tamil Nadu'),
(733, 'Merta City', 'Rajasthan'),
(734, 'Sivaganga', 'Tamil Nadu'),
(735, 'Mandideep', 'Madhya Pradesh'),
(736, 'Sailu', 'Maharashtra'),
(737, 'Vyara', 'Gujarat'),
(738, 'Kovvur', 'Andhra Pradesh'),
(739, 'Vadalur', 'Tamil Nadu'),
(740, 'Nawabganj', 'Uttar Pradesh'),
(741, 'Padra', 'Gujarat'),
(742, 'Sainthia', 'West Bengal'),
(743, 'Siana', 'Uttar Pradesh'),
(744, 'Shahpur', 'Karnataka'),
(745, 'Sojat', 'Rajasthan'),
(746, 'Noorpur', 'Uttar Pradesh'),
(747, 'Paravoor', 'Kerala'),
(748, 'Murtijapur', 'Maharashtra'),
(749, 'Ramnagar', 'Bihar'),
(750, 'Sundargarh', 'Odisha'),
(751, 'Taki', 'West Bengal'),
(752, 'Saundatti-Yellamma', 'Karnataka'),
(753, 'Pathanamthitta', 'Kerala'),
(754, 'Wadi', 'Karnataka'),
(755, 'Rameshwaram', 'Tamil Nadu'),
(756, 'Tasgaon', 'Maharashtra'),
(757, 'Sikandra Rao', 'Uttar Pradesh'),
(758, 'Sihora', 'Madhya Pradesh'),
(759, 'Tiruvethipuram', 'Tamil Nadu'),
(760, 'Tiruvuru', 'Andhra Pradesh'),
(761, 'Mehkar', 'Maharashtra'),
(762, 'Peringathur', 'Kerala'),
(763, 'Perambalur', 'Tamil Nadu'),
(764, 'Manvi', 'Karnataka'),
(765, 'Zunheboto', 'Nagaland'),
(766, 'Mahnar Bazar', 'Bihar'),
(767, 'Attingal', 'Kerala'),
(768, 'Shahbad', 'Haryana'),
(769, 'Puranpur', 'Uttar Pradesh'),
(770, 'Nelamangala', 'Karnataka'),
(771, 'Nakodar', 'Punjab'),
(772, 'Lunawada', 'Gujarat'),
(773, 'Murshidabad', 'West Bengal'),
(774, 'Mahe', 'Puducherry'),
(775, 'Lanka', 'Assam'),
(776, 'Rudauli', 'Uttar Pradesh'),
(777, 'Tuensang', 'Nagaland'),
(778, 'Lakshmeshwar', 'Karnataka'),
(779, 'Zira', 'Punjab'),
(780, 'Yawal', 'Maharashtra'),
(781, 'Thana Bhawan', 'Uttar Pradesh'),
(782, 'Ramdurg', 'Karnataka'),
(783, 'Pulgaon', 'Maharashtra'),
(784, 'Sadasivpet', 'Telangana'),
(785, 'Nargund', 'Karnataka'),
(786, 'Neem-Ka-Thana', 'Rajasthan'),
(787, 'Memari', 'West Bengal'),
(788, 'Nilanga', 'Maharashtra'),
(789, 'Naharlagun', 'Arunachal Pradesh'),
(790, 'Pakaur', 'Jharkhand'),
(791, 'Wai', 'Maharashtra'),
(792, 'Tarikere', 'Karnataka'),
(793, 'Malavalli', 'Karnataka'),
(794, 'Raisen', 'Madhya Pradesh'),
(795, 'Lahar', 'Madhya Pradesh'),
(796, 'Uravakonda', 'Andhra Pradesh'),
(797, 'Savanur', 'Karnataka'),
(798, 'Sirohi', 'Rajasthan'),
(799, 'Udhampur', 'Jammu and Kashmir'),
(800, 'Umarga', 'Maharashtra'),
(801, 'Pratapgarh', 'Rajasthan'),
(802, 'Lingsugur', 'Karnataka'),
(803, 'Usilampatti', 'Tamil Nadu'),
(804, 'Palia Kalan', 'Uttar Pradesh'),
(805, 'Wokha', 'Nagaland'),
(806, 'Rajpipla', 'Gujarat'),
(807, 'Vijayapura', 'Karnataka'),
(808, 'Rawatbhata', 'Rajasthan'),
(809, 'Sangaria', 'Rajasthan'),
(810, 'Paithan', 'Maharashtra'),
(811, 'Rahuri', 'Maharashtra'),
(812, 'Patti', 'Punjab'),
(813, 'Zaidpur', 'Uttar Pradesh'),
(814, 'Lalsot', 'Rajasthan'),
(815, 'Maihar', 'Madhya Pradesh'),
(816, 'Vedaranyam', 'Tamil Nadu'),
(817, 'Nawapur', 'Maharashtra'),
(818, 'Solan', 'Himachal Pradesh'),
(819, 'Vapi', 'Gujarat'),
(820, 'Sanawad', 'Madhya Pradesh'),
(821, 'Warisaliganj', 'Bihar'),
(822, 'Revelganj', 'Bihar'),
(823, 'Sabalgarh', 'Madhya Pradesh'),
(824, 'Tuljapur', 'Maharashtra'),
(825, 'Simdega', 'Jharkhand'),
(826, 'Musabani', 'Jharkhand'),
(827, 'Kodungallur', 'Kerala'),
(828, 'Phulabani', 'Odisha'),
(829, 'Umreth', 'Gujarat'),
(830, 'Narsipatnam', 'Andhra Pradesh'),
(831, 'Nautanwa', 'Uttar Pradesh'),
(832, 'Rajgir', 'Bihar'),
(833, 'Yellandu', 'Telangana'),
(834, 'Sathyamangalam', 'Tamil Nadu'),
(835, 'Pilibanga', 'Rajasthan'),
(836, 'Morshi', 'Maharashtra'),
(837, 'Pehowa', 'Haryana'),
(838, 'Sonepur', 'Bihar'),
(839, 'Pappinisseri', 'Kerala'),
(840, 'Zamania', 'Uttar Pradesh'),
(841, 'Mihijam', 'Jharkhand'),
(842, 'Purna', 'Maharashtra'),
(843, 'Puliyankudi', 'Tamil Nadu'),
(844, 'Shikarpur, Bulandshahr', 'Uttar Pradesh'),
(845, 'Umaria', 'Madhya Pradesh'),
(846, 'Porsa', 'Madhya Pradesh'),
(847, 'Naugawan Sadat', 'Uttar Pradesh'),
(848, 'Fatehpur Sikri', 'Uttar Pradesh'),
(849, 'Manuguru', 'Telangana'),
(850, 'Udaipur', 'Tripura'),
(851, 'Pipar City', 'Rajasthan'),
(852, 'Pattamundai', 'Odisha'),
(853, 'Nanjikottai', 'Tamil Nadu'),
(854, 'Taranagar', 'Rajasthan'),
(855, 'Yerraguntla', 'Andhra Pradesh'),
(856, 'Satana', 'Maharashtra'),
(857, 'Sherghati', 'Bihar'),
(858, 'Sankeshwara', 'Karnataka'),
(859, 'Madikeri', 'Karnataka'),
(860, 'Thuraiyur', 'Tamil Nadu'),
(861, 'Sanand', 'Gujarat'),
(862, 'Rajula', 'Gujarat'),
(863, 'Kyathampalle', 'Telangana'),
(864, 'Shahabad, Rampur', 'Uttar Pradesh'),
(865, 'Tilda Newra', 'Chhattisgarh'),
(866, 'Narsinghgarh', 'Madhya Pradesh'),
(867, 'Chittur-Thathamangalam', 'Kerala'),
(868, 'Malaj Khand', 'Madhya Pradesh'),
(869, 'Sarangpur', 'Madhya Pradesh'),
(870, 'Robertsganj', 'Uttar Pradesh'),
(871, 'Sirkali', 'Tamil Nadu'),
(872, 'Radhanpur', 'Gujarat'),
(873, 'Tiruchendur', 'Tamil Nadu'),
(874, 'Utraula', 'Uttar Pradesh'),
(875, 'Patratu', 'Jharkhand'),
(876, 'Vijainagar, Ajmer', 'Rajasthan'),
(877, 'Periyasemur', 'Tamil Nadu'),
(878, 'Pathri', 'Maharashtra'),
(879, 'Sadabad', 'Uttar Pradesh'),
(880, 'Talikota', 'Karnataka'),
(881, 'Sinnar', 'Maharashtra'),
(882, 'Mungeli', 'Chhattisgarh'),
(883, 'Sedam', 'Karnataka'),
(884, 'Shikaripur', 'Karnataka'),
(885, 'Sumerpur', 'Rajasthan'),
(886, 'Sattur', 'Tamil Nadu'),
(887, 'Sugauli', 'Bihar'),
(888, 'Lumding', 'Assam'),
(889, 'Vandavasi', 'Tamil Nadu'),
(890, 'Titlagarh', 'Odisha'),
(891, 'Uchgaon', 'Maharashtra'),
(892, 'Mokokchung', 'Nagaland'),
(893, 'Paschim Punropara', 'West Bengal'),
(894, 'Sagwara', 'Rajasthan'),
(895, 'Ramganj Mandi', 'Rajasthan'),
(896, 'Tarakeswar', 'West Bengal'),
(897, 'Mahalingapura', 'Karnataka'),
(898, 'Dharmanagar', 'Tripura'),
(899, 'Mahemdabad', 'Gujarat'),
(900, 'Manendragarh', 'Chhattisgarh'),
(901, 'Uran', 'Maharashtra'),
(902, 'Tharamangalam', 'Tamil Nadu'),
(903, 'Tirukkoyilur', 'Tamil Nadu'),
(904, 'Pen', 'Maharashtra'),
(905, 'Makhdumpur', 'Bihar'),
(906, 'Maner', 'Bihar'),
(907, 'Oddanchatram', 'Tamil Nadu'),
(908, 'Palladam', 'Tamil Nadu'),
(909, 'Mundi', 'Madhya Pradesh'),
(910, 'Nabarangapur', 'Odisha'),
(911, 'Mudalagi', 'Karnataka'),
(912, 'Samalkha', 'Haryana'),
(913, 'Nepanagar', 'Madhya Pradesh'),
(914, 'Karjat', 'Maharashtra'),
(915, 'Ranavav', 'Gujarat'),
(916, 'Pedana', 'Andhra Pradesh'),
(917, 'Pinjore', 'Haryana'),
(918, 'Lakheri', 'Rajasthan'),
(919, 'Pasan', 'Madhya Pradesh'),
(920, 'Puttur', 'Andhra Pradesh'),
(921, 'Vadakkuvalliyur', 'Tamil Nadu'),
(922, 'Tirukalukundram', 'Tamil Nadu'),
(923, 'Mahidpur', 'Madhya Pradesh'),
(924, 'Mussoorie', 'Uttarakhand'),
(925, 'Muvattupuzha', 'Kerala'),
(926, 'Rasra', 'Uttar Pradesh'),
(927, 'Udaipurwati', 'Rajasthan'),
(928, 'Manwath', 'Maharashtra'),
(929, 'Adoor', 'Kerala'),
(930, 'Uthamapalayam', 'Tamil Nadu'),
(931, 'Partur', 'Maharashtra'),
(932, 'Nahan', 'Himachal Pradesh'),
(933, 'Ladwa', 'Haryana'),
(934, 'Mankachar', 'Assam'),
(935, 'Nongstoin', 'Meghalaya'),
(936, 'Losal', 'Rajasthan'),
(937, 'Sri Madhopur', 'Rajasthan'),
(938, 'Ramngarh', 'Rajasthan'),
(939, 'Mavelikkara', 'Kerala'),
(940, 'Rawatsar', 'Rajasthan'),
(941, 'Rajakhera', 'Rajasthan'),
(942, 'Lar', 'Uttar Pradesh'),
(943, 'Lal Gopalganj Nindaura', 'Uttar Pradesh'),
(944, 'Muddebihal', 'Karnataka'),
(945, 'Sirsaganj', 'Uttar Pradesh'),
(946, 'Shahpura', 'Rajasthan'),
(947, 'Surandai', 'Tamil Nadu'),
(948, 'Sangole', 'Maharashtra'),
(949, 'Pavagada', 'Karnataka'),
(950, 'Tharad', 'Gujarat'),
(951, 'Mansa', 'Gujarat'),
(952, 'Umbergaon', 'Gujarat'),
(953, 'Mavoor', 'Kerala'),
(954, 'Nalbari', 'Assam'),
(955, 'Talaja', 'Gujarat'),
(956, 'Malur', 'Karnataka'),
(957, 'Mangrulpir', 'Maharashtra'),
(958, 'Soro', 'Odisha'),
(959, 'Shahpura', 'Rajasthan'),
(960, 'Vadnagar', 'Gujarat'),
(961, 'Raisinghnagar', 'Rajasthan'),
(962, 'Sindhagi', 'Karnataka'),
(963, 'Sanduru', 'Karnataka'),
(964, 'Sohna', 'Haryana'),
(965, 'Manavadar', 'Gujarat'),
(966, 'Pihani', 'Uttar Pradesh'),
(967, 'Safidon', 'Haryana'),
(968, 'Risod', 'Maharashtra'),
(969, 'Rosera', 'Bihar'),
(970, 'Sankari', 'Tamil Nadu'),
(971, 'Malpura', 'Rajasthan'),
(972, 'Sonamukhi', 'West Bengal'),
(973, 'Shamsabad, Agra', 'Uttar Pradesh'),
(974, 'Nokha', 'Bihar'),
(975, 'PandUrban Agglomeration', 'West Bengal'),
(976, 'Mainaguri', 'West Bengal'),
(977, 'Afzalpur', 'Karnataka'),
(978, 'Shirur', 'Maharashtra'),
(979, 'Salaya', 'Gujarat'),
(980, 'Shenkottai', 'Tamil Nadu'),
(981, 'Pratapgarh', 'Tripura'),
(982, 'Vadipatti', 'Tamil Nadu'),
(983, 'Nagarkurnool', 'Telangana'),
(984, 'Savner', 'Maharashtra'),
(985, 'Sasvad', 'Maharashtra'),
(986, 'Rudrapur', 'Uttar Pradesh'),
(987, 'Soron', 'Uttar Pradesh'),
(988, 'Sholingur', 'Tamil Nadu'),
(989, 'Pandharkaoda', 'Maharashtra'),
(990, 'Perumbavoor', 'Kerala'),
(991, 'Maddur', 'Karnataka'),
(992, 'Nadbai', 'Rajasthan'),
(993, 'Talode', 'Maharashtra'),
(994, 'Shrigonda', 'Maharashtra'),
(995, 'Madhugiri', 'Karnataka'),
(996, 'Tekkalakote', 'Karnataka'),
(997, 'Seoni-Malwa', 'Madhya Pradesh'),
(998, 'Shirdi', 'Maharashtra'),
(999, 'SUrban Agglomerationr', 'Uttar Pradesh'),
(1000, 'Terdal', 'Karnataka'),
(1001, 'Raver', 'Maharashtra'),
(1002, 'Tirupathur', 'Tamil Nadu'),
(1003, 'Taraori', 'Haryana'),
(1004, 'Mukhed', 'Maharashtra'),
(1005, 'Manachanallur', 'Tamil Nadu'),
(1006, 'Rehli', 'Madhya Pradesh'),
(1007, 'Sanchore', 'Rajasthan'),
(1008, 'Rajura', 'Maharashtra'),
(1009, 'Piro', 'Bihar'),
(1010, 'Mudabidri', 'Karnataka'),
(1011, 'Vadgaon Kasba', 'Maharashtra'),
(1012, 'Nagar', 'Rajasthan'),
(1013, 'Vijapur', 'Gujarat'),
(1014, 'Viswanatham', 'Tamil Nadu'),
(1015, 'Polur', 'Tamil Nadu'),
(1016, 'Panagudi', 'Tamil Nadu'),
(1017, 'Manawar', 'Madhya Pradesh'),
(1018, 'Tehri', 'Uttarakhand'),
(1019, 'Samdhan', 'Uttar Pradesh'),
(1020, 'Pardi', 'Gujarat'),
(1021, 'Rahatgarh', 'Madhya Pradesh'),
(1022, 'Panagar', 'Madhya Pradesh'),
(1023, 'Uthiramerur', 'Tamil Nadu'),
(1024, 'Tirora', 'Maharashtra'),
(1025, 'Rangia', 'Assam'),
(1026, 'Sahjanwa', 'Uttar Pradesh'),
(1027, 'Wara Seoni', 'Madhya Pradesh'),
(1028, 'Magadi', 'Karnataka'),
(1029, 'Rajgarh (Alwar)', 'Rajasthan'),
(1030, 'Rafiganj', 'Bihar'),
(1031, 'Tarana', 'Madhya Pradesh'),
(1032, 'Rampur Maniharan', 'Uttar Pradesh'),
(1033, 'Sheoganj', 'Rajasthan'),
(1034, 'Raikot', 'Punjab'),
(1035, 'Pauri', 'Uttarakhand'),
(1036, 'Sumerpur', 'Uttar Pradesh'),
(1037, 'Navalgund', 'Karnataka'),
(1038, 'Shahganj', 'Uttar Pradesh'),
(1039, 'Marhaura', 'Bihar'),
(1040, 'Tulsipur', 'Uttar Pradesh'),
(1041, 'Sadri', 'Rajasthan'),
(1042, 'Thiruthuraipoondi', 'Tamil Nadu'),
(1043, 'Shiggaon', 'Karnataka'),
(1044, 'Pallapatti', 'Tamil Nadu'),
(1045, 'Mahendragarh', 'Haryana'),
(1046, 'Sausar', 'Madhya Pradesh'),
(1047, 'Ponneri', 'Tamil Nadu'),
(1048, 'Mahad', 'Maharashtra'),
(1049, 'Lohardaga', 'Jharkhand'),
(1050, 'Tirwaganj', 'Uttar Pradesh'),
(1051, 'Margherita', 'Assam'),
(1052, 'Sundarnagar', 'Himachal Pradesh'),
(1053, 'Rajgarh', 'Madhya Pradesh'),
(1054, 'Mangaldoi', 'Assam'),
(1055, 'Renigunta', 'Andhra Pradesh'),
(1056, 'Longowal', 'Punjab'),
(1057, 'Ratia', 'Haryana'),
(1058, 'Lalgudi', 'Tamil Nadu'),
(1059, 'Shrirangapattana', 'Karnataka'),
(1060, 'Niwari', 'Madhya Pradesh'),
(1061, 'Natham', 'Tamil Nadu'),
(1062, 'Unnamalaikadai', 'Tamil Nadu'),
(1063, 'PurqUrban Agglomerationzi', 'Uttar Pradesh'),
(1064, 'Shamsabad, Farrukhabad', 'Uttar Pradesh'),
(1065, 'Mirganj', 'Bihar'),
(1066, 'Todaraisingh', 'Rajasthan'),
(1067, 'Warhapur', 'Uttar Pradesh'),
(1068, 'Rajam', 'Andhra Pradesh'),
(1069, 'Urmar Tanda', 'Punjab'),
(1070, 'Lonar', 'Maharashtra'),
(1071, 'Powayan', 'Uttar Pradesh'),
(1072, 'P.N.Patti', 'Tamil Nadu'),
(1073, 'Palampur', 'Himachal Pradesh'),
(1074, 'Srisailam Project (Right Flank Colony) Township', 'Andhra Pradesh'),
(1075, 'Sindagi', 'Karnataka'),
(1076, 'Sandi', 'Uttar Pradesh'),
(1077, 'Vaikom', 'Kerala'),
(1078, 'Malda', 'West Bengal'),
(1079, 'Tharangambadi', 'Tamil Nadu'),
(1080, 'Sakaleshapura', 'Karnataka'),
(1081, 'Lalganj', 'Bihar'),
(1082, 'Malkangiri', 'Odisha'),
(1083, 'Rapar', 'Gujarat'),
(1084, 'Mauganj', 'Madhya Pradesh'),
(1085, 'Todabhim', 'Rajasthan'),
(1086, 'Srinivaspur', 'Karnataka'),
(1087, 'Murliganj', 'Bihar'),
(1088, 'Reengus', 'Rajasthan'),
(1089, 'Sawantwadi', 'Maharashtra'),
(1090, 'Tittakudi', 'Tamil Nadu'),
(1091, 'Lilong', 'Manipur'),
(1092, 'Rajaldesar', 'Rajasthan'),
(1093, 'Pathardi', 'Maharashtra'),
(1094, 'Achhnera', 'Uttar Pradesh'),
(1095, 'Pacode', 'Tamil Nadu'),
(1096, 'Naraura', 'Uttar Pradesh'),
(1097, 'Nakur', 'Uttar Pradesh'),
(1098, 'Palai', 'Kerala'),
(1099, 'Morinda, India', 'Punjab'),
(1100, 'Manasa', 'Madhya Pradesh'),
(1101, 'Nainpur', 'Madhya Pradesh'),
(1102, 'Sahaspur', 'Uttar Pradesh'),
(1103, 'Pauni', 'Maharashtra'),
(1104, 'Prithvipur', 'Madhya Pradesh'),
(1105, 'Ramtek', 'Maharashtra'),
(1106, 'Silapathar', 'Assam'),
(1107, 'Songadh', 'Gujarat'),
(1108, 'Safipur', 'Uttar Pradesh'),
(1109, 'Sohagpur', 'Madhya Pradesh'),
(1110, 'Mul', 'Maharashtra'),
(1111, 'Sadulshahar', 'Rajasthan'),
(1112, 'Phillaur', 'Punjab'),
(1113, 'Sambhar', 'Rajasthan'),
(1114, 'Prantij', 'Rajasthan'),
(1115, 'Nagla', 'Uttarakhand'),
(1116, 'Pattran', 'Punjab'),
(1117, 'Mount Abu', 'Rajasthan'),
(1118, 'Reoti', 'Uttar Pradesh'),
(1119, 'Tenu dam-cum-Kathhara', 'Jharkhand'),
(1120, 'Panchla', 'West Bengal'),
(1121, 'Sitarganj', 'Uttarakhand'),
(1122, 'Pasighat', 'Arunachal Pradesh'),
(1123, 'Motipur', 'Bihar'),
(1124, 'O\' Valley', 'Tamil Nadu'),
(1125, 'Raghunathpur', 'West Bengal'),
(1126, 'Suriyampalayam', 'Tamil Nadu'),
(1127, 'Qadian', 'Punjab'),
(1128, 'Rairangpur', 'Odisha'),
(1129, 'Silvassa', 'Dadra and Nagar Haveli'),
(1130, 'Nowrozabad (Khodargama)', 'Madhya Pradesh'),
(1131, 'Mangrol', 'Rajasthan'),
(1132, 'Soyagaon', 'Maharashtra'),
(1133, 'Sujanpur', 'Punjab'),
(1134, 'Manihari', 'Bihar'),
(1135, 'Sikanderpur', 'Uttar Pradesh'),
(1136, 'Mangalvedhe', 'Maharashtra'),
(1137, 'Phulera', 'Rajasthan'),
(1138, 'Ron', 'Karnataka'),
(1139, 'Sholavandan', 'Tamil Nadu'),
(1140, 'Saidpur', 'Uttar Pradesh'),
(1141, 'Shamgarh', 'Madhya Pradesh'),
(1142, 'Thammampatti', 'Tamil Nadu'),
(1143, 'Maharajpur', 'Madhya Pradesh'),
(1144, 'Multai', 'Madhya Pradesh'),
(1145, 'Mukerian', 'Punjab'),
(1146, 'Sirsi', 'Uttar Pradesh'),
(1147, 'Purwa', 'Uttar Pradesh'),
(1148, 'Sheohar', 'Bihar'),
(1149, 'Namagiripettai', 'Tamil Nadu'),
(1150, 'Parasi', 'Uttar Pradesh'),
(1151, 'Lathi', 'Gujarat'),
(1152, 'Lalganj', 'Uttar Pradesh'),
(1153, 'Narkhed', 'Maharashtra'),
(1154, 'Mathabhanga', 'West Bengal'),
(1155, 'Shendurjana', 'Maharashtra'),
(1156, 'Peravurani', 'Tamil Nadu'),
(1157, 'Mariani', 'Assam'),
(1158, 'Phulpur', 'Uttar Pradesh'),
(1159, 'Rania', 'Haryana'),
(1160, 'Pali', 'Madhya Pradesh'),
(1161, 'Pachore', 'Madhya Pradesh'),
(1162, 'Parangipettai', 'Tamil Nadu'),
(1163, 'Pudupattinam', 'Tamil Nadu'),
(1164, 'Panniyannur', 'Kerala'),
(1165, 'Maharajganj', 'Bihar'),
(1166, 'Rau', 'Madhya Pradesh'),
(1167, 'Monoharpur', 'West Bengal'),
(1168, 'Mandawa', 'Rajasthan'),
(1169, 'Marigaon', 'Assam'),
(1170, 'Pallikonda', 'Tamil Nadu'),
(1171, 'Pindwara', 'Rajasthan'),
(1172, 'Shishgarh', 'Uttar Pradesh'),
(1173, 'Patur', 'Maharashtra'),
(1174, 'Mayang Imphal', 'Manipur'),
(1175, 'Mhowgaon', 'Madhya Pradesh'),
(1176, 'Guruvayoor', 'Kerala'),
(1177, 'Mhaswad', 'Maharashtra'),
(1178, 'Sahawar', 'Uttar Pradesh'),
(1179, 'Sivagiri', 'Tamil Nadu'),
(1180, 'Mundargi', 'Karnataka'),
(1181, 'Punjaipugalur', 'Tamil Nadu'),
(1182, 'Kailasahar', 'Tripura'),
(1183, 'Samthar', 'Uttar Pradesh'),
(1184, 'Sakti', 'Chhattisgarh'),
(1185, 'Sadalagi', 'Karnataka'),
(1186, 'Silao', 'Bihar'),
(1187, 'Mandalgarh', 'Rajasthan'),
(1188, 'Loha', 'Maharashtra'),
(1189, 'Pukhrayan', 'Uttar Pradesh'),
(1190, 'Padmanabhapuram', 'Tamil Nadu'),
(1191, 'Belonia', 'Tripura'),
(1192, 'Saiha', 'Mizoram'),
(1193, 'Srirampore', 'West Bengal'),
(1194, 'Talwara', 'Punjab'),
(1195, 'Puthuppally', 'Kerala'),
(1196, 'Khowai', 'Tripura'),
(1197, 'Vijaypur', 'Madhya Pradesh'),
(1198, 'Takhatgarh', 'Rajasthan'),
(1199, 'Thirupuvanam', 'Tamil Nadu'),
(1200, 'Adra', 'West Bengal'),
(1201, 'Piriyapatna', 'Karnataka'),
(1202, 'Obra', 'Uttar Pradesh'),
(1203, 'Adalaj', 'Gujarat'),
(1204, 'Nandgaon', 'Maharashtra'),
(1205, 'Barh', 'Bihar'),
(1206, 'Chhapra', 'Gujarat'),
(1207, 'Panamattom', 'Kerala'),
(1208, 'Niwai', 'Uttar Pradesh'),
(1209, 'Bageshwar', 'Uttarakhand'),
(1210, 'Tarbha', 'Odisha'),
(1211, 'Adyar', 'Karnataka'),
(1212, 'Narsinghgarh', 'Madhya Pradesh'),
(1213, 'Warud', 'Maharashtra'),
(1214, 'Asarganj', 'Bihar'),
(1215, 'Sarsod', 'Haryana'),
(1216, 'Gandhinagar', 'Gujarat'),
(1217, 'Kullu', 'Himachal Pradesh'),
(1218, 'Manali', 'Himachal Praddesh'),
(1219, 'Mirzapur', 'Uttar Pradesh'),
(1220, 'Kota', 'Rajasthan'),
(1221, 'Dispur', 'Assam');

-- --------------------------------------------------------

--
-- Table structure for table `Cuisines`
--

CREATE TABLE `Cuisines` (
  `id` int(11) NOT NULL,
  `name` varchar(100) NOT NULL
) ENGINE=InnoDB DEFAULT CHARSET=latin1;

--
-- Dumping data for table `Cuisines`
--

INSERT INTO `Cuisines` (`id`, `name`) VALUES
(487, ''),
(507, 'American'),
(511, 'Andhra'),
(488, 'Arabian'),
(518, 'Asian'),
(512, 'Bakery'),
(509, 'Bar Food'),
(493, 'BBQ'),
(500, 'Bengali'),
(535, 'Beverages'),
(520, 'Biryani'),
(522, 'Burger'),
(492, 'Burmese'),
(534, 'Cafe'),
(515, 'Chettinad'),
(514, 'Chinese'),
(489, 'Coffee'),
(528, 'Continental'),
(499, 'Desserts'),
(497, 'European'),
(508, 'Fast Food'),
(531, 'Finger Food'),
(530, 'Gujarati'),
(525, 'Healthy Food'),
(532, 'Ice Cream'),
(496, 'Italian'),
(490, 'Japanese'),
(523, 'Juices'),
(501, 'Kebab'),
(526, 'Kerala'),
(510, 'Lebanese'),
(536, 'Maharashtrian'),
(513, 'Mediterranean'),
(524, 'Mexican'),
(505, 'Mithai'),
(533, 'Modern Indian'),
(504, 'Momos'),
(491, 'Mughlai'),
(521, 'North Indian'),
(498, 'Parsi'),
(529, 'Pizza'),
(517, 'Salad'),
(495, 'Sandwich'),
(502, 'South Indian'),
(506, 'Spanish'),
(494, 'Street Food'),
(503, 'Sushi'),
(516, 'Tamil'),
(527, 'Thai'),
(519, 'Tibetan');

-- --------------------------------------------------------

--
-- Table structure for table `Day`
--

CREATE TABLE `Day` (
  `restaurant_id` int(11) NOT NULL,
  `Monday` tinyint(1) NOT NULL DEFAULT '0',
  `Tuesday` tinyint(1) NOT NULL DEFAULT '0',
  `Wednesday` tinyint(1) NOT NULL DEFAULT '0',
  `Thursday` tinyint(1) NOT NULL DEFAULT '0',
  `Friday` tinyint(1) NOT NULL DEFAULT '0',
  `Saturday` tinyint(1) NOT NULL DEFAULT '0',
  `Sunday` tinyint(1) NOT NULL DEFAULT '0'
) ENGINE=InnoDB DEFAULT CHARSET=latin1;

--
-- Dumping data for table `Day`
--

INSERT INTO `Day` (`restaurant_id`, `Monday`, `Tuesday`, `Wednesday`, `Thursday`, `Friday`, `Saturday`, `Sunday`) VALUES
(496, 1, 0, 1, 1, 1, 1, 1),
(549, 1, 1, 1, 0, 1, 1, 1),
(2008, 1, 0, 1, 1, 1, 1, 1),
(4766, 1, 1, 1, 1, 1, 0, 1),
(5004, 1, 1, 1, 1, 0, 1, 1),
(5056, 1, 1, 1, 1, 0, 1, 1),
(7528, 1, 1, 0, 1, 1, 1, 1),
(8597, 1, 1, 0, 1, 1, 1, 1),
(20404, 1, 1, 1, 0, 1, 1, 1),
(20842, 1, 1, 1, 1, 0, 1, 1),
(25570, 1, 0, 1, 1, 1, 1, 1),
(303960, 1, 0, 1, 1, 1, 1, 1),
(306046, 0, 1, 1, 1, 1, 1, 1),
(306150, 1, 1, 0, 1, 1, 1, 1),
(306153, 1, 1, 1, 1, 1, 0, 1),
(307374, 1, 1, 0, 1, 1, 1, 1),
(307406, 0, 1, 1, 1, 1, 1, 1),
(308322, 1, 1, 1, 1, 0, 1, 1),
(308572, 1, 1, 1, 1, 0, 1, 1),
(310188, 1, 1, 1, 0, 1, 1, 1),
(310470, 1, 1, 0, 1, 1, 1, 1),
(311104, 1, 1, 1, 1, 1, 0, 1),
(311662, 1, 0, 1, 1, 1, 1, 1),
(313256, 1, 1, 1, 1, 1, 0, 1),
(313316, 1, 1, 1, 1, 0, 1, 1),
(17983797, 1, 1, 1, 1, 1, 0, 1),
(18017618, 0, 1, 1, 1, 1, 1, 1),
(18168152, 1, 1, 1, 0, 1, 1, 1),
(18216901, 1, 1, 0, 1, 1, 1, 1),
(18224532, 0, 1, 1, 1, 1, 1, 1),
(18238278, 1, 1, 1, 1, 1, 0, 1),
(18273556, 0, 1, 1, 1, 1, 1, 1),
(18277179, 1, 1, 1, 0, 1, 1, 1),
(18281957, 1, 0, 1, 1, 1, 1, 1),
(18289242, 1, 1, 1, 1, 1, 0, 1),
(18303709, 1, 1, 0, 1, 1, 1, 1),
(18337894, 1, 1, 1, 1, 1, 0, 1),
(18337897, 1, 1, 1, 1, 0, 1, 1),
(18377098, 1, 0, 1, 1, 1, 1, 1),
(18382360, 0, 1, 1, 1, 1, 1, 1),
(18383453, 1, 1, 1, 0, 1, 1, 1),
(18398880, 1, 1, 0, 1, 1, 1, 1),
(18414440, 0, 1, 1, 1, 1, 1, 1),
(18415341, 1, 0, 1, 1, 1, 1, 1),
(18418233, 1, 1, 1, 0, 1, 1, 1),
(18418247, 0, 1, 1, 1, 1, 1, 1),
(18418277, 1, 1, 1, 1, 0, 1, 1),
(18423151, 1, 0, 1, 1, 1, 1, 1),
(18429148, 1, 1, 1, 1, 1, 0, 1),
(18463965, 1, 1, 0, 1, 1, 1, 1),
(18551512, 1, 0, 1, 1, 1, 1, 1),
(18555387, 1, 1, 1, 1, 0, 1, 1),
(18562836, 1, 1, 1, 1, 1, 0, 1),
(18574357, 0, 1, 1, 1, 1, 1, 1),
(18575757, 1, 1, 0, 1, 1, 1, 1),
(18579383, 1, 1, 0, 1, 1, 1, 1),
(18601364, 0, 1, 1, 1, 1, 1, 1),
(18607141, 1, 1, 1, 1, 0, 1, 1),
(18610904, 1, 1, 1, 1, 0, 1, 1),
(18625812, 1, 1, 0, 1, 1, 1, 1),
(18634729, 1, 1, 1, 1, 1, 0, 1),
(18637042, 0, 1, 1, 1, 1, 1, 1),
(18649486, 1, 0, 1, 1, 1, 1, 1),
(18656043, 0, 1, 1, 1, 1, 1, 1),
(18687573, 1, 1, 1, 0, 1, 1, 1),
(18703712, 1, 1, 1, 0, 1, 1, 1),
(18707652, 1, 1, 1, 1, 1, 0, 1),
(18712598, 1, 1, 1, 1, 1, 0, 1),
(18759923, 1, 1, 0, 1, 1, 1, 1),
(18761167, 1, 1, 1, 1, 0, 1, 1),
(18800881, 1, 1, 0, 1, 1, 1, 1),
(18812843, 1, 0, 1, 1, 1, 1, 1),
(18851371, 1, 1, 1, 1, 0, 1, 1),
(18856789, 1, 1, 1, 0, 1, 1, 1),
(18863320, 1, 1, 1, 1, 0, 1, 1),
(18895645, 1, 1, 1, 0, 1, 1, 1),
(18897756, 1, 1, 1, 1, 0, 1, 1),
(19042004, 1, 1, 1, 0, 1, 1, 1),
(19092692, 1, 1, 1, 0, 1, 1, 1),
(19111824, 1, 1, 1, 1, 0, 1, 1),
(19118980, 1, 1, 1, 1, 1, 0, 1),
(19120844, 1, 1, 1, 1, 1, 0, 1),
(19128322, 1, 1, 1, 0, 1, 1, 1),
(19130806, 1, 1, 0, 1, 1, 1, 1),
(19132624, 0, 1, 1, 1, 1, 1, 1),
(19136354, 1, 1, 0, 1, 1, 1, 1),
(19139870, 1, 1, 1, 0, 1, 1, 1),
(19139932, 1, 0, 1, 1, 1, 1, 1),
(19141523, 1, 1, 1, 1, 0, 1, 1),
(19141911, 1, 1, 1, 1, 0, 1, 1),
(19143450, 1, 1, 0, 1, 1, 1, 1),
(19144355, 1, 0, 1, 1, 1, 1, 1),
(19145729, 1, 1, 1, 0, 1, 1, 1),
(19146513, 1, 1, 0, 1, 1, 1, 1),
(19146849, 1, 1, 1, 0, 1, 1, 1),
(19147011, 1, 1, 1, 1, 0, 1, 1),
(19148264, 0, 1, 1, 1, 1, 1, 1),
(19149885, 1, 1, 1, 1, 0, 1, 1),
(19151003, 1, 1, 0, 1, 1, 1, 1);

-- --------------------------------------------------------

--
-- Table structure for table `Establishments`
--

CREATE TABLE `Establishments` (
  `id` int(11) NOT NULL,
  `name` varchar(100) NOT NULL
) ENGINE=InnoDB DEFAULT CHARSET=latin1;

--
-- Dumping data for table `Establishments`
--

INSERT INTO `Establishments` (`id`, `name`) VALUES
(149, 'Bakery'),
(159, 'Bar'),
(161, 'Beverage Shop'),
(157, 'Cafe'),
(155, 'Casual Dining'),
(151, 'Dessert Parlour'),
(150, 'Fine Dining'),
(160, 'Food Court'),
(152, 'Lounge'),
(153, 'Microbrewery'),
(158, 'Pub'),
(156, 'Quick Bites'),
(154, 'Sweet Shop');

-- --------------------------------------------------------

--
-- Table structure for table `Highlights`
--

CREATE TABLE `Highlights` (
  `id` int(11) NOT NULL,
  `name` varchar(100) NOT NULL
) ENGINE=InnoDB DEFAULT CHARSET=latin1;

--
-- Dumping data for table `Highlights`
--

INSERT INTO `Highlights` (`id`, `name`) VALUES
(718, '4/5 Star'),
(711, 'Above 18 Only'),
(709, 'Air Conditioned'),
(727, 'All Day Breakfast'),
(752, 'Axis Bank - Dining Delights'),
(696, 'Beer'),
(690, 'Board Games'),
(744, 'Breakfast'),
(736, 'Brunch'),
(723, 'Buffet'),
(757, 'Card Upon Delivery'),
(722, 'Cash'),
(742, 'Catering Available'),
(743, 'Craft Beer'),
(725, 'Credit Card'),
(758, 'Dance Floor'),
(691, 'Debit Card'),
(700, 'Delivery'),
(704, 'Desserts and Bakes'),
(726, 'Digital Payments Accepted'),
(715, 'Dinner'),
(707, 'Disabled Friendly'),
(716, 'DJ'),
(702, 'Free Parking'),
(751, 'Free Wifi'),
(755, 'Fullbar'),
(694, 'Gastro Pub'),
(710, 'Gluten Free Options'),
(693, 'Group Meal'),
(732, 'Halal'),
(747, 'Hookah'),
(737, 'Indoor Seating'),
(734, 'Karaoke'),
(740, 'Kid Friendly'),
(699, 'Live Entertainment'),
(728, 'Live Music'),
(748, 'Live Sports Screening'),
(692, 'Lunch'),
(745, 'Lunch Menu'),
(761, 'Luxury Dining'),
(753, 'Mall Parking'),
(706, 'Nightlife'),
(701, 'No Alcohol Available'),
(720, 'No Seating Available'),
(756, 'Outdoor Seating'),
(749, 'Paid Wifi'),
(724, 'Private Dining Area Available'),
(739, 'Pure Veg'),
(703, 'Resto Bar'),
(731, 'Restricted Entry'),
(733, 'Romantic Dining'),
(712, 'Rooftop'),
(760, 'Serves Alcohol'),
(697, 'Serves Cocktails'),
(705, 'Serves Jain Food'),
(695, 'Smoking Area'),
(698, 'Sneakpeek'),
(730, 'Sodexo'),
(746, 'Sports TV'),
(750, 'Standing Tables'),
(713, 'Table booking for Groups'),
(759, 'Table booking not available'),
(689, 'Table booking recommended'),
(735, 'Table Reservation Not Required'),
(741, 'Table reservation required'),
(708, 'Takeaway Available'),
(721, 'Ticket Restaurant'),
(714, 'Valet Parking Available'),
(754, 'Variable Menu'),
(738, 'Vegan Options'),
(717, 'Wheelchair Accessible'),
(719, 'Wifi'),
(729, 'Wine');

-- --------------------------------------------------------

--
-- Table structure for table `Location`
--

CREATE TABLE `Location` (
  `id` int(11) NOT NULL,
  `city` varchar(40) NOT NULL,
  `zipcode` int(11) DEFAULT NULL,
  `locality` varchar(100) DEFAULT NULL,
  `address` varchar(1000) DEFAULT NULL,
  `locality_verbose` varchar(100) DEFAULT NULL,
  `latitude` double DEFAULT NULL,
  `longitude` double DEFAULT NULL
) ENGINE=InnoDB DEFAULT CHARSET=latin1;

--
-- Dumping data for table `Location`
--

INSERT INTO `Location` (`id`, `city`, `zipcode`, `locality`, `address`, `locality_verbose`, `latitude`, `longitude`) VALUES
(1, 'Makrana', NULL, 'Makrana Locality', 'Saini complex, Near Railway Station, Makrana, Makrana Locality, Makrana', 'Makrana Locality, Makrana', 27.0371152912, 74.7259914503),
(2, 'Akot', NULL, 'Akot Locality', 'kasabe akot taluka akot district akola, Akot Locality, Akot', 'Akot Locality, Akot', 21.0978025705, 77.0560897887),
(3, 'Azamgarh', NULL, 'Azamgarh Locality', 'ALWAL RAHUL NAGAR MADYA, NPP AZAMGARH, AZAMGARH, UTTAR PRADESH, Azamgarh Locality, Azamgarh', 'Azamgarh Locality, Azamgarh', 26.0503717029, 83.18758104),
(4, 'Malappuram', NULL, 'Malappuram Locality', 'Door No: 18/1531 -F to K, Opp Central School, Malappuram Muncipality, Malappuram Locality, Malappuram', 'Malappuram Locality, Malappuram', 11.0430628618, 76.0767133534),
(5, 'Chittoor', NULL, 'Chittoor Locality', '15/2143, Rajiv Gandhi Road, Mari Circle, Chittoor Locality, Chittoor', 'Chittoor Locality, Chittoor', 13.2132131644, 79.0987954661),
(6, 'Ashoknagar ', NULL, 'Ashoknagar Locality', 'Avadhpuri Colony, Ashoknagar, Ashoknagar Locality, Ashoknagar', 'Ashoknagar Locality, Ashoknagar ', 24.5866662552, 77.7220041677),
(7, 'Jharsuguda', NULL, 'Jharsuguda Locality', 'Goel Complex, Sarbahal Road, Jharsuguda (Odisha), Jharsuguda Locality, Jharsuguda', 'Jharsuguda Locality, Jharsuguda', 21.8467353557, 84.0129644796),
(8, 'Hardoi', NULL, 'Hardoi Locality', 'In front of Ghantaghar hardoi, hardoi Tahsil, hardoi uttar pradesh., Hardoi Locality, Hardoi', 'Hardoi Locality, Hardoi', 27.3957478994, 80.1294245571),
(9, 'Pilani', NULL, 'Pilani Locality', 'Bus stand, Pilani, chirawa, jhunjhunu, Pilani Locality, Pilani', 'Pilani Locality, Pilani', 28.362704, 75.594812),
(10, 'Nipani', NULL, 'Nipani Locality', 'Near Kallapana Awade Janata Bank, Beside Sima Guest House, Satwai Road, Nipani, Nipani Locality, Nipani', 'Nipani Locality, Nipani', 16.4006552717, 74.3803492561),
(11, 'Jharsuguda', NULL, 'Jharsuguda Locality', 'Behind Big Bazar, Shanti Apartment, Sarbahal Road, Jharsuguda, Jharsuguda Locality, Jharsuguda', 'Jharsuguda Locality, Jharsuguda', 21.8498295587, 84.0117242932),
(12, 'Theni', NULL, 'Theni Locality', 'opp to convent school, periyakulam road, Theni Locality, Theni', 'Theni Locality, Theni', 10.0188180768, 77.4798194692),
(13, 'Janjgir', NULL, 'Janjgir Locality', 'JANJGIR BESIDE GYANBHARTI SCHOOL LINK ROAD NAILA ZONE, Janjgir Locality, Janjgir', 'Janjgir Locality, Janjgir', 22.0118543996, 82.581284456),
(14, 'Nuzividu', NULL, 'Nuzividu Locality', 'Hanuman Junction road, Nuzvid-521201', 'Nuzividu Locality, Nuzividu', 16.7872428613, 80.8506293222),
(15, 'Botad', NULL, 'Botad Locality', 'Shop no 46, Bhagyoday Complex Nr, ST Depo, Paliyad Road, Botad, Botad Locality, Botad', 'Botad Locality, Botad', 22.1746241091, 71.6586678475),
(16, 'Karaikudi', NULL, 'Karaikudi Locality', '11/A, Kovilur Road, Karaikudi, Karaikudi Locality, Karaikudi', 'Karaikudi Locality, Karaikudi', 10.0683559639, 78.7645808235),
(17, 'Malout', NULL, 'Malout Locality', 'Shop 129, Sky Mall, Malout Locality, Malout', 'Malout Locality, Malout', 30.2056604, 74.4987924),
(18, 'Nipani', NULL, 'Nipani Locality', 'Beside Hotel Pravin Delux Muragud Road', 'Nipani Locality, Nipani', 16.4041144145, 74.3769763783),
(19, 'Proddatur', NULL, 'Proddatur Locality', '5/22 Gandhi road, Proddatur, cuddapah', 'Proddatur Locality, Proddatur', 14.7511984653, 78.548026979),
(20, 'Samrala', NULL, 'Samrala Locality', 'Global Tower, Khanna road, Samrala, Samrala Locality, Samrala', 'Samrala Locality, Samrala', 30.8355139232, 76.1895434931),
(21, 'Kolkata', NULL, 'JW Marriott Hotel Kolkata, Science City Area', 'JW Marriott Hotel, 4A, J.B.S Haldane Avenue, Science City Area, Kolkata', 'JW Marriott Hotel Kolkata, Science City Area, Kolkata', 22.5471642599, 88.3993364498),
(22, 'Kolkata', 700091, 'Sector 2, Salt Lake', 'BH- 40, Sector 2, Salt Lake, Kolkata', 'Sector 2, Salt Lake, Kolkata', 22.5919752694, 88.4246595204),
(23, 'Kolkata', 700026, 'Tollygunge', '1/4, 202, S P Mukherjee Road, Bawali Mandal Road, Mudiali, Ravindra Sarovar, Tollygunge, Kolkata', 'Tollygunge, Kolkata', 22.5101816402, 88.3453077078),
(24, 'Kolkata', NULL, 'Topsia', 'Shop 86 A, Main 6th Floor, Haute Street Corporate Park, Topsia Road, Seal Lane, Topsia, Kolkata', 'Topsia, Kolkata', 22.542956, 88.385559),
(25, 'Kolkata', 700157, 'City Centre 2 Mall, Chinar Park', '2 Floor, City Centre, Rajarhat Newtown, Chinar Park, Kolkata', 'City Centre 2 Mall, Chinar Park, Kolkata', 22.6230333978, 88.4499276057),
(26, 'Kolkata', NULL, 'Park Street Area', '18M, Park Street Area, Kolkata', 'Park Street Area, Kolkata', 22.5521321795, 88.3524480835),
(27, 'Kolkata', NULL, 'Science City Area', 'ITC Sonar, JBS Haldane Avenue, EM Bypass, Science City Area, Kolkata', 'Science City Area, Kolkata', 22.5460092642, 88.3990199491),
(28, 'Kolkata', NULL, 'Fort Knox, Camac Street Area', '801 A, 8th Floor, Fort Knox Building, Camac Street Area, Kolkata', 'Fort Knox, Camac Street Area, Kolkata', 22.5438426148, 88.3521701396),
(29, 'Kolkata', 700064, 'Sector 1, Salt Lake', 'BC 25, Sector 1, Salt Lake, Kolkata', 'Sector 1, Salt Lake, Kolkata', 22.5934022801, 88.4061757475),
(30, 'Kolkata', 700075, 'Ajoy Nagar', 'C22, Sammilani Park, Survey Park Area, Ajoy Nagar, Kolkata', 'Ajoy Nagar, Kolkata', 22.488323988, 88.3913045749),
(31, 'Kolkata', NULL, 'Park Street Area', '18A, Park Street, Park Street Area, Kolkata', 'Park Street Area, Kolkata', 22.5524241677, 88.3525010571),
(32, 'Kolkata', 700006, 'Maniktala', '116, Vivekananda Road, Near YMCA Hostel, Maniktala, Kolkata', 'Maniktala, Kolkata', 22.5854473582, 88.3684679121),
(33, 'Kolkata', NULL, 'Park Street Area', '1st Floor, 24, Park Center Building, Park Street Area, Kolkata', 'Park Street Area, Kolkata', 22.5510487523, 88.3542109653),
(34, 'Kolkata', 700020, 'Bhawanipur', '2, Dr. Rajendra Road, Bhawanipur, Kolkata', 'Bhawanipur, Kolkata', 22.535307599, 88.3467829227),
(35, 'Kolkata', NULL, 'Barrackpore', '10/8, S.N. Bannerjee Road, Barrackpore, Kolkata', 'Barrackpore, Kolkata', 22.7605199445, 88.3696631715),
(36, 'Kolkata', 0, 'RDB Boulevard, Sector 5', 'K1, RDB Boulevard, Block EP & GP, Sector 5, Salt Lake', 'RDB Boulevard, Sector 5, Kolkata', 22.5691537814, 88.4333170205),
(37, 'Kolkata', NULL, 'Ballygunge', '28/A, Syed Amir Ali Avenue, Ballygunge', 'Ballygunge, Kolkata', 22.5404211779, 88.3654876426),
(38, 'Kolkata', NULL, 'Kankurgachi', '89C, Maulana Abul Kalam Sarani, Kankurgachi, Kolkata', 'Kankurgachi, Kolkata', 22.5707466625, 88.4019187465),
(39, 'Kolkata', NULL, 'Sector 5, Salt Lake', 'RBD Cinema, 1st Floor, Sector 5, Salt Lake, Kolkata', 'Sector 5, Salt Lake, Kolkata', 22.5690451118, 88.4333884344),
(40, 'Kolkata', NULL, 'Sector 1, Salt Lake', 'EC-18, Sector 1, Salt Lake', 'Sector 1, Salt Lake, Kolkata', 22.5879390088, 88.4087986127),
(41, 'Gurgaon', NULL, 'Cyber Hub, DLF Cyber City', 'Shop 4A, Ground Floor, DLF Cyber Hub, Tower 8C, DLF Cyber City, Gurgaon', 'Cyber Hub, DLF Cyber City, Gurgaon', 28.4942360264, 77.0883872733),
(42, 'Gurgaon', NULL, 'Ambience Mall, DLF Phase 3', 'T-317, 3rd Floor, Ambience Mall, DLF Phase 3, Gurgaon', 'Ambience Mall, DLF Phase 3, Gurgaon', 28.5037947394, 77.096593827),
(43, 'Gurgaon', NULL, 'MG Road', 'Grand Mall, Near Sikanderpur Metro Station, MG Road, Gurgaon', 'MG Road, Gurgaon', 28.4796495202, 77.090549469),
(44, 'Gurgaon', 0, 'Sector 14', '84-85, Shopping Complex, Sector 14, Gurgaon', 'Sector 14, Gurgaon', 28.4734705921, 77.0478483662),
(45, 'Gurgaon', 122002, 'Cyber Hub, DLF Cyber City', 'Ground Floor, Cyber Hub, DLF Cyber City, Gurgaon', 'Cyber Hub, DLF Cyber City, Gurgaon', 28.4952537857, 77.0881274343),
(46, 'Gurgaon', NULL, 'Golf Course Road', '94-D, Sector 53, Opposite Vatika Towers, Golf Course Road, Gurgaon', 'Golf Course Road, Gurgaon', 28.4385227595, 77.1027746424),
(47, 'Gurgaon', NULL, 'South City 2', 'Shop G85, Spaze Platinum Tower, Ground Floor, Gurgaon-Sohna Highway, Sector 47, South City 2, Gurgaon', 'South City 2, Gurgaon', 28.4217961243, 77.04059802),
(48, 'Gurgaon', NULL, 'Cyber Hub, DLF Cyber City', '2nd Floor, Cyber Hub, DLF Cyber City, Gurgaon', 'Cyber Hub, DLF Cyber City, Gurgaon', 28.4960711684, 77.0887993276),
(49, 'Gurgaon', 0, 'Cross Point Mall, DLF Phase 4', 'Cross Point Mall, 119-123, Ground Level, DLF Phase 4, Gurgaon', 'Cross Point Mall, DLF Phase 4, Gurgaon', 28.4682913429, 77.0836863667),
(50, 'Gurgaon', NULL, 'Suncity Business Tower, Golf Course Road', 'Suncity Business Tower, Golf Course Road, Gurgaon', 'Suncity Business Tower, Golf Course Road, Gurgaon', 28.4334706396, 77.1056419238),
(51, 'Gurgaon', NULL, 'Sector 29', 'SCO 21, Main Market, Sector 29, Gurgaon', 'Sector 29, Gurgaon', 28.4691967646, 77.0625391603),
(52, 'Gurgaon', NULL, 'Cyber Hub, DLF Cyber City', 'Cyber Hub, DLF Cyber City, Gurgaon', 'Cyber Hub, DLF Cyber City, Gurgaon', 28.4945666372, 77.0877794176),
(53, 'Gurgaon', NULL, 'Sohna Road', 'Shop 1, Vipul Trade Centre, Sohna Road, Gurgaon', 'Sohna Road, Gurgaon', 28.4069294878, 77.0422549546),
(54, 'Gurgaon', NULL, 'Cross Point Mall, DLF Phase 4', 'Shop 110, 1st Floor, Cross Point Mall, DLF Phase 4, Gurgaon', 'Cross Point Mall, DLF Phase 4, Gurgaon', 28.4683281847, 77.0831244439),
(55, 'Gurgaon', 122002, 'Cyber Hub, DLF Cyber City', '102, 1st Floor, Cyber Hub, DLF Cyber City, Gurgaon', 'Cyber Hub, DLF Cyber City, Gurgaon', 28.4948652, 77.0888231),
(56, 'Gurgaon', 122001, 'Sector 31', 'Shop 84 - 87, HUDA Shopping Complex, Near Medanta Hospital, Sector 32', 'Sector 31, Gurgaon', 28.4457151869, 77.0446551964),
(57, 'Gurgaon', 0, 'Central Plaza Mall, Golf Course Road', '2, Central Plaza Mall, Golf Course Road, Gurgaon', 'Central Plaza Mall, Golf Course Road, Gurgaon', 28.4426200591, 77.1009849384),
(58, 'Gurgaon', 122002, 'Sector 29', 'SCO 23, Main Market, Sector 29, Gurgaon', 'Sector 29, Gurgaon', 28.4690874188, 77.0623333007),
(59, 'Gurgaon', NULL, 'Cyber Hub, DLF Cyber City', 'DLF Tower 2, 8th Road, Cyber Hub, DLF Cyber City, Gurgaon', 'Cyber Hub, DLF Cyber City, Gurgaon', 28.4956708, 77.0889606),
(60, 'Gurgaon', NULL, 'Golf Course Road', 'Ground Floor, Vatika Towers Complex, Golf Course Road, Gurgaon', 'Golf Course Road, Gurgaon', 28.4380551773, 77.1046984568),
(61, 'Gurgaon', NULL, 'Cyber Hub, DLF Cyber City', 'Unit 1B & 1C, Upper Ground Floor-C, Building 10C, Cyber Hub, DLF Cyber City, Gurgaon', 'Cyber Hub, DLF Cyber City, Gurgaon', 28.4936741035, 77.0883342996),
(62, 'Gurgaon', NULL, 'Sector 29', 'SCO 53, 2nd Floor, Main Market, Sector 29, Gurgaon', 'Sector 29, Gurgaon', 28.4679370709, 77.0641377568),
(63, 'Gurgaon', NULL, 'MGF Metropolis Mall, MG Road', 'Shop LG 1-3, MGF Metropolis Mall, MG Road, Gurgaon', 'MGF Metropolis Mall, MG Road, Gurgaon', 28.4796415632, 77.0810893178),
(64, 'Gurgaon', 122002, 'Cyber Hub, DLF Cyber City', '1st Floor, Cyber Hub, DLF Cyber City, Gurgaon', 'Cyber Hub, DLF Cyber City, Gurgaon', 28.4953698816, 77.0887470245),
(65, 'Gurgaon', 122002, 'Sector 29', 'Plot 3-5, Near Leisure Valley Park, Sector 29, Gurgaon', 'Sector 29, Gurgaon', 28.4690051884, 77.0636834577),
(66, 'Gurgaon', NULL, 'Sector 29', 'Site 8-10, Sector 29, Gurgaon', 'Sector 29, Gurgaon', 28.4691216078, 77.0635490119),
(67, 'Gurgaon', NULL, 'Sector 29', 'SCO - 32, Sector 29, Gurgaon', 'Sector 29, Gurgaon', 28.4682869218, 77.0628114045),
(68, 'Gurgaon', NULL, 'Cyber Hub, DLF Cyber City', 'Shop 24, Ground Floor, Cyber Hub, Sector 24, DLF Cyber City, Gurgaon', 'Cyber Hub, DLF Cyber City, Gurgaon', 28.4947979463, 77.0877274498),
(69, 'Gurgaon', 122002, 'Sector 29', 'SCO 39, 1st Floor, Sector 29, Gurgaon', 'Sector 29, Gurgaon', 28.4681905435, 77.063382715),
(70, 'Gurgaon', 0, 'Sector 14', '5 & 6, Atul Kataria Chowk, Sector 14, Gurgaon', 'Sector 14, Gurgaon', 28.482318908, 77.0495039597),
(71, 'Gurgaon', NULL, 'Udyog Vihar', 'Opposite Plot 269, Phase II, Udyog Vihar, Gurgaon', 'Udyog Vihar, Gurgaon', 28.506851, 77.085383),
(72, 'Gurgaon', NULL, 'Sector 29', 'SCO 29, Sector 29, Gurgaon', 'Sector 29, Gurgaon', 28.4683833001, 77.0624187961),
(73, 'Gurgaon', 122002, 'Suncity Business Tower, Golf Course Road', '315, 3rd Floor, Suncity Business Tower, Golf Course Road, Gurgaon', 'Suncity Business Tower, Golf Course Road, Gurgaon', 28.4336646389, 77.1057200432),
(74, 'Gurgaon', NULL, 'Global Foyer Mall, Golf Course Road', 'Global Foyer Mall, Golf Course Road, Gurgaon', 'Global Foyer Mall, Golf Course Road, Gurgaon', 28.4605766703, 77.0949419215),
(75, 'Gurgaon', 122002, 'Sector 29', 'SCO 305, 1st & 2nd Floor, Sector 29, Gurgaon', 'Sector 29, Gurgaon', 28.4632468348, 77.0638440549),
(76, 'Gurgaon', 122002, 'Cyber Hub, DLF Cyber City', 'Shop 6, Ground Floor, Building 8, Tower C, Cyber Hub, DLF Cyber City, Gurgaon', 'Cyber Hub, DLF Cyber City, Gurgaon', 28.4946405972, 77.0884000137),
(77, 'Gurgaon', 122002, 'Global Foyer Mall, Golf Course Road', '1st Floor, Global Foyer Mall, Sector 43, Golf Course Road, Gurgaon', 'Global Foyer Mall, Golf Course Road, Gurgaon', 28.4604637785, 77.0951776206),
(78, 'Gurgaon', 0, 'Sector 31', 'SCO 17, Main Market, Sector 31, Gurgaon', 'Sector 31, Gurgaon', 28.4532337385, 77.0505798608),
(79, 'Gurgaon', 122002, 'Cyber Hub, DLF Cyber City', '3, Ground Floor, Cyber Hub, DLF Cyber City, Gurgaon', 'Cyber Hub, DLF Cyber City, Gurgaon', 28.4945861, 77.0886758),
(80, 'Gurgaon', 122002, 'Sector 29', 'SCO 22, 1st Floor, Sector 29, Gurgaon', 'Sector 29, Gurgaon', 28.4692218168, 77.0623443648),
(81, 'Delhi', NULL, 'Aerocity', 'The Walk, Worldmark 2, Aerocity, New Delhi', 'Aerocity, New Delhi', 28.55154, 77.122704),
(82, 'Delhi', NULL, 'Punjabi Bagh', '1/83, Third Floor, Club Road, West Punjabi Bagh, Punjabi Bagh, New Delhi', 'Punjabi Bagh, New Delhi', 28.547809, 76.9869859),
(83, 'Delhi', NULL, 'Connaught Place', 'H 55, 1st Floor, Outer Circle, Connaught Place, New Delhi', 'Connaught Place, New Delhi', 28.6355079448, 77.2190960124),
(84, 'Delhi', NULL, 'Rajinder Nagar', '31- B, Pusa Road, Rajinder Nagar, New Delhi', 'Rajinder Nagar, New Delhi', 28.6434865, 77.1833152),
(85, 'Delhi', NULL, 'Select Citywalk Mall, Saket', 'Dome, Level 4, Select Citywalk, A-3, District Centre, Saket, New Delhi', 'Select Citywalk Mall, Saket, New Delhi', 28.5283913089, 77.2186108679),
(86, 'Delhi', 110001, 'Connaught Place', '28, Block A, Kasturba Gandhi Marg, Connaught Place, New Delhi', 'Connaught Place, New Delhi', 28.6296624581, 77.2218600288),
(87, 'Delhi', 110054, 'Majnu ka Tila', 'House 6, New Colony, Majnu ka Tila, New Delhi', 'Majnu ka Tila, New Delhi', 28.7025817618, 77.2284193709),
(88, 'Delhi', NULL, 'Hauz Khas Village', '9-A & 12, Hauz Khas Village, New Delhi', 'Hauz Khas Village, New Delhi', 28.5545176429, 77.1939948946),
(89, 'Delhi', 110001, 'Connaught Place', '11, KG Marg, Scindia House, Connaught Place, New Delhi', 'Connaught Place, New Delhi', 28.6299140703, 77.2211713716),
(90, 'Delhi', NULL, 'Connaught Place', 'F40, 2nd Floor, Inner Circle, \nConnaught Place, New Delhi', 'Connaught Place, New Delhi', 28.6313569294, 77.2202507034),
(91, 'Delhi', 110001, 'Connaught Place', 'M 44, Outer Circle, Connaught Place, New Delhi', 'Connaught Place, New Delhi', 28.6332862038, 77.2227874026),
(92, 'Delhi', NULL, 'Connaught Place', 'F-60, Second Floor, Connaught Place, New Delhi', 'Connaught Place, New Delhi', 28.6310608845, 77.2200307623),
(93, 'Delhi', 110001, 'Connaught Place', '91, 2nd Floor, N Block, Connaught Place, New Delhi', 'Connaught Place, New Delhi', 28.6301156539, 77.2207150608),
(94, 'Delhi', 110001, 'Connaught Place', '23/7, L Block, Middle Circle, Connaught Place, New Delhi', 'Connaught Place, New Delhi', 28.6342528876, 77.2215063125),
(95, 'Delhi', 0, 'Laxmi Nagar', 'E-60, Vikas Marg, Laxmi Nagar, New Delhi', 'Laxmi Nagar, New Delhi', 28.6338776918, 77.2816970944),
(96, 'Noida', NULL, 'DLF Mall of India, Sector 18,  Noida', '3rd Floor, DLF Mall of India, Sector 18, Noida', 'DLF Mall of India, Sector 18,  Noida, Noida', 28.5667826052, 77.3213776946),
(97, 'Delhi', NULL, 'Lajpat Nagar 4', 'Moolchand Metro Station, Lajpat Nagar 4, New Delhi', 'Lajpat Nagar 4, New Delhi', 28.56413479, 77.2343477234),
(98, 'Delhi', NULL, 'Chanakyapuri', '10, Santushti Shopping Complex, Race Course Road, Chanakyapuri, New Delhi', 'Chanakyapuri, New Delhi', 28.5951564512, 77.1979239956),
(99, 'Delhi', NULL, 'Ashok Vihar Phase 2', '10, Community Centre, Ashok Vihar Phase 2, New Delhi', 'Ashok Vihar Phase 2, New Delhi', 28.6961178, 77.1793854);

-- --------------------------------------------------------

--
-- Table structure for table `Photo`
--

CREATE TABLE `Photo` (
  `review_id` int(11) NOT NULL,
  `url` varchar(200) NOT NULL
) ENGINE=InnoDB DEFAULT CHARSET=latin1;

-- --------------------------------------------------------

--
-- Table structure for table `Restaurant`
--

CREATE TABLE `Restaurant` (
  `id` int(11) NOT NULL,
  `location_id` int(11) DEFAULT NULL,
  `name` varchar(40) NOT NULL,
  `email` varchar(255) DEFAULT NULL,
  `average_cost_for_two` int(11) DEFAULT NULL,
  `cuisines` varchar(1000) DEFAULT NULL,
  `timings` varchar(100) DEFAULT NULL,
  `establishment` varchar(1000) DEFAULT NULL,
  `highlights` varchar(1000) DEFAULT NULL,
  `thumb` varchar(1000) DEFAULT NULL,
  `phone_numbers` varchar(1000) DEFAULT NULL,
  `capacity` int(11) NOT NULL,
  `opening_status` varchar(255) DEFAULT NULL,
  `website` varchar(1000) DEFAULT NULL,
  `rating` float(10,1) DEFAULT '0.0',
  `votes` int(11) DEFAULT '0',
  `password` varchar(1000) DEFAULT NULL
) ENGINE=InnoDB DEFAULT CHARSET=latin1;

--
-- Dumping data for table `Restaurant`
--

INSERT INTO `Restaurant` (`id`, `location_id`, `name`, `email`, `average_cost_for_two`, `cuisines`, `timings`, `establishment`, `highlights`, `thumb`, `phone_numbers`, `capacity`, `opening_status`, `website`, `rating`, `votes`, `password`) VALUES
(496, 65, 'Bikanervala', 'example65@gmail.com', 600, 'Mithai, Street Food, South Indian, North Indian, Chinese', '8 AM to 11 PM', 'Sweet Shop', 'Lunch, Cash, Breakfast, Dinner, Takeaway Available, Credit Card, Debit Card, Sodexo, Ticket Restaurant, Pure Veg, Desserts and Bakes, Indoor Seating, Air Conditioned', 'https://b.zmtcdn.com/data/pictures/chains/1/491/041cd733bcc1683c88f6cb8a0b87b8c8.png?fit=around%7C200%3A200&crop=200%3A200%3B%2A%2C%2A', '0124 4337777', 32, NULL, NULL, 4.2, 2356, 'sha256$p0TSqdMW$f4e4024dc2ab82f9e74bdaa7417745532c17a9c05840298b56d75a2f775272f3'),
(549, 70, 'Dana Choga', 'example70@gmail.com', 600, 'North Indian, Chinese, Mughlai', '11 AM to 11 PM', 'Casual Dining', 'Lunch, Delivery, Credit Card, Dinner, Cash, Takeaway Available, Debit Card, Sodexo, Air Conditioned, Indoor Seating', 'https://b.zmtcdn.com/data/pictures/8/378/54da3097bd09df7b4e97e794da88b4c8.jpg?fit=around%7C200%3A200&crop=200%3A200%3B%2A%2C%2A', '0124 4088885, 0124 4274260, +91 9310040470', 33, NULL, NULL, 4.9, 3175, 'sha256$d2bDDW8r$7aed11f9b3233d2d8ee45cceaef629c1ec464827ea6b34205f768a67917a54d1'),
(2008, 95, 'Hira Sweets', 'example95@gmail.com', 500, 'Mithai, North Indian, South Indian, Fast Food', '8:30am  11pm (Mon-Sun)', 'Sweet Shop', 'Cash, Credit Card, Dinner, Breakfast, Takeaway Available, Debit Card, Delivery, Lunch, Pure Veg, Digital Payments Accepted, Indoor Seating, Air Conditioned, Desserts and Bakes', 'https://b.zmtcdn.com/data/pictures/chains/8/2008/e8282e248fcd3c7f7bbf8515f03bf46e.jpg?fit=around%7C200%3A200&crop=200%3A200%3B%2A%2C%2A', '011 22522252, 011 22469756, 011 22469755', 24, NULL, NULL, 4.0, 1354, 'sha256$Y9m1Pcyo$a546eb565ac90a3fe7d313c22ee4e273f4a800add4c03d4aa627d6010ae0297d'),
(4766, 49, 'Cafe Delhi Heights', 'example49@gmail.com', 2000, 'Asian, Modern Indian, Continental, Cafe, Momos', '10am  12midnight (Mon-Sun)', 'Casual Dining', 'Dinner, Lunch, Credit Card, Breakfast, Debit Card, Cash, Valet Parking Available, Table booking recommended, Fullbar, Air Conditioned, Smoking Area, All Day Breakfast, Live Music, Wheelchair Accessible, Indoor Seating, Axis Bank - Dining Delights, Wifi', 'https://b.zmtcdn.com/data/pictures/6/4766/375935462466cd6feef0b8154ae56c4d.jpeg?fit=around%7C200%3A200&crop=200%3A200%3B%2A%2C%2A', '+91 9555754033, 0124 4229797', 34, NULL, NULL, 4.0, 1900, 'sha256$PQ4Ont4b$d019764c3d423308690937617605a9e482a1753525c4c244ddbbd469d8141bd3'),
(5004, 78, 'Om Sweets & Snacks', 'example78@gmail.com', 500, 'North Indian, Mithai, Fast Food, South Indian, Chinese', '8am  10:30pm (Mon-Sun)', 'Quick Bites', 'Dinner, Cash, Takeaway Available, Credit Card, Debit Card, Lunch, Delivery, Breakfast, Indoor Seating, Air Conditioned, Pure Veg, Desserts and Bakes', 'https://b.zmtcdn.com/data/pictures/4/5004/5eaeea1c4ff91cbb00e54a3423b6db70.jpg?fit=around%7C200%3A200&crop=200%3A200%3B%2A%2C%2A', '0124 4271101, 0124 4271102, 0124 4271103', 36, NULL, NULL, 4.1, 2067, 'sha256$s1BjDMFL$33e5b547eff26f8776a0fbba8d174f365291244b18725353dc018bf98f56b8b3'),
(5056, 44, 'Om Sweets & Snacks', 'example44@gmail.com', 500, 'North Indian, Mithai, Fast Food, South Indian, Chinese', '8am  10:30pm (Mon-Sun)', 'Quick Bites', 'Delivery, Breakfast, Lunch, Dinner, Cash, Takeaway Available, Credit Card, Debit Card, Air Conditioned, Pure Veg, Desserts and Bakes, Free Parking, Indoor Seating', 'https://b.zmtcdn.com/data/pictures/4/5004/5eaeea1c4ff91cbb00e54a3423b6db70.jpg?fit=around%7C200%3A200&crop=200%3A200%3B%2A%2C%2A', '0124 2330451, 0124 2307691', 35, NULL, NULL, 4.1, 1639, 'sha256$uvSsNr41$18cf19d8f276347e1c18c99c1ec8ce33b6e1bc602bf8d171191d224fb861c695'),
(7528, 73, 'Indian Grill Room', 'example73@gmail.com', 1800, 'North Indian, Mughlai', '12noon  3pm, 6:30pm  11pm (Mon-Sun)', 'Casual Dining', 'Dinner, Delivery, Credit Card, Debit Card, Lunch, Cash, Takeaway Available, Fullbar, Indoor Seating, Air Conditioned, Wheelchair Accessible, Outdoor Seating, Table booking recommended, Wifi, Buffet', 'https://b.zmtcdn.com/data/pictures/chains/8/7528/177ca84d2fe7652f0991c2fd2db0f3a3.jpg?fit=around%7C200%3A200&crop=200%3A200%3B%2A%2C%2A', '011 66103612', 21, NULL, NULL, 4.7, 3286, 'sha256$bIV6WBUa$4906b43cf0a85f3d648eb1ad9a930b0d31f12be6b9203141ed89f6974f4541b6'),
(8597, 57, 'Shawarma House', 'example57@gmail.com', 600, 'Healthy Food, Lebanese', '11am  8am (Mon-Thu),24 Hours (Fri-Sun)', 'Quick Bites', 'Cash, Delivery, Credit Card, Debit Card, Lunch, Dinner, Mall Parking, Takeaway Available, Breakfast, Air Conditioned, Free Parking, Wheelchair Accessible, Indoor Seating', 'https://b.zmtcdn.com/data/pictures/chains/7/8597/365ede858c0bc58ed3b2c5ef665536aa.jpg?fit=around%7C200%3A200&crop=200%3A200%3B%2A%2C%2A', '0124 4148888, +91 8010018888', 37, NULL, NULL, 4.5, 1559, 'sha256$BRrC82HM$7afc3913e5f7f5fd6b50986214e302ef8b2a1273c7b489c6cbdda755fa91e01c'),
(20404, 31, 'Peter Cat', 'example31@gmail.com', 1200, 'Continental, North Indian', '11 AM to 11:20 PM', 'Casual Dining', 'Lunch, Serves Alcohol, Delivery, Credit Card, Dinner, Cash, Takeaway Available, Debit Card, Fullbar, Air Conditioned, Indoor Seating, Table booking recommended', 'https://b.zmtcdn.com/data/pictures/4/20404/f9bdca96d535375767a8df1c534994a7.jpg?fit=around%7C200%3A200&crop=200%3A200%3B%2A%2C%2A', '033 22298841', 25, NULL, NULL, 4.2, 11917, 'sha256$t1vAA0gW$a962427535775debb46921b23d8bd13f53e3a4ff5ee68cc1b2bb4e64ede07cce'),
(20842, 36, 'Barbeque Nation', 'example36@gmail.com', 1800, 'North Indian, Chinese, Kebab, BBQ', '12 Noon to 3:30 PM, 6:30 PM to 11:30 PM', 'Casual Dining', 'Dinner, Cash, Lunch, Credit Card, Debit Card, Indoor Seating, Air Conditioned, Buffet, Table reservation required, Kid Friendly', 'https://b.zmtcdn.com/data/pictures/chains/2/20842/b6429ddad24625e65344caabb921bd57.jpg?fit=around%7C200%3A200&crop=200%3A200%3B%2A%2C%2A', '18001086060, 033 64806060', 46, NULL, NULL, 4.7, 8551, 'sha256$eIONQJCr$9d15eff17063dbb3b59b0251dd100b25432ac905f8d79f0179913ab8345e02b1'),
(25570, 33, 'Barbeque Nation', 'example33@gmail.com', 1800, 'North Indian, Chinese, Kebab, BBQ', '12 Noon to 3:30 PM, 6:30 PM to 11:30 PM', 'Casual Dining', 'Serves Alcohol, Dinner, Cash, Lunch, Credit Card, Debit Card, Free Parking, Indoor Seating, Air Conditioned, Buffet, Table reservation required, Fullbar, Ticket Restaurant, Kid Friendly', 'https://b.zmtcdn.com/data/pictures/chains/2/20842/b6429ddad24625e65344caabb921bd57.jpg?fit=around%7C200%3A200&crop=200%3A200%3B%2A%2C%2A', '18001086060, 033 64806060', 32, NULL, NULL, 4.6, 4999, 'sha256$IeynCSvd$bd4c32891cb38f0d6d311ed5eceb82364e58eebfc1d2b69f4728966f8fa66c6e'),
(303960, 77, 'Manhattan Bar Exchange & Brewery', 'example77@gmail.com', 1400, 'Finger Food, American, Continental, North Indian, Italian', '1 PM to 1 AM (Mon-Sun)', 'Pub', 'Lunch, Serves Alcohol, Cash, Debit Card, Dinner, Mall Parking, Credit Card, DJ, Nightlife, Fullbar, Air Conditioned, Wheelchair Accessible, Live Sports Screening, Craft Beer, Indoor Seating, Table booking recommended, Smoking Area', 'https://b.zmtcdn.com/data/res_imagery/303960_RESTAURANT_17d39952bc0d8d25a2df1e1afd32abd8.jpg?fit=around%7C200%3A200&crop=200%3A200%3B%2A%2C%2A', '+91 8800697554, +91 8800697549', 48, NULL, NULL, 4.6, 4287, 'sha256$6PSQjcsr$a424466dca2bd86472c387631fb6bc667cf21b837711e5219eabe0b9244dbd9b'),
(306046, 79, 'SodaBottleOpenerWala', 'example79@gmail.com', 1700, 'Parsi, North Indian, Maharashtrian, Beverages, Bakery', '8:30am  12midnight (Mon-Sun)', 'Casual Dining', 'Lunch, Serves Alcohol, Cash, Credit Card, Debit Card, Dinner, Takeaway Available, Breakfast, Outdoor Seating, Air Conditioned, Wifi, Fullbar, Indoor Seating, Digital Payments Accepted, Axis Bank - Dining Delights, Smoking Area', 'https://b.zmtcdn.com/data/pictures/8/309788/a121c28e47a70a4326d458933bd4d3ab.jpg?fit=around%7C200%3A200&crop=200%3A200%3B%2A%2C%2A', '+91 9971839456', 22, NULL, NULL, 4.3, 4219, 'sha256$5c4nNXIJ$dac56324720519316bdf09a9d7c55731ffd395f17413ece39c99ec1098aca6c5'),
(306150, 48, 'Imperfecto', 'example48@gmail.com', 1800, 'Mediterranean, Italian, Continental, Spanish, North Indian, Asian', '12 Noon to 1 AM', 'Casual Dining', 'Takeaway Available, Lunch, Dinner, Cash, Credit Card, Debit Card, Nightlife, Outdoor Seating, Indoor Seating, Table booking recommended, Air Conditioned, Smoking Area, Buffet, Live Entertainment, Fullbar, Live Music, Rooftop, Digital Payments Accepted', 'https://b.zmtcdn.com/data/pictures/chains/2/301442/9b847c0c6363ce6832349157414a9079.jpg?fit=around%7C200%3A200&crop=200%3A200%3B%2A%2C%2A', '011 71565336', 20, NULL, NULL, 3.9, 3485, 'sha256$09IIu2Cj$986caa19be992fcbee56ac097ef0c108562622c65a37abe31282264f5c205758'),
(306153, 64, 'Dhaba - Estd 1986 Delhi', 'example64@gmail.com', 2200, 'North Indian', '12noon  4pm, 6:30pm  11:30pm (Mon-Sun)', 'Casual Dining', 'Dinner, Delivery, Credit Card, Lunch, Cash, Takeaway Available, Debit Card, Fullbar, Indoor Seating, Digital Payments Accepted, Kid Friendly, Outdoor Seating, Table booking recommended, Air Conditioned', 'https://b.zmtcdn.com/data/pictures/chains/9/306049/3e426a0b5435cc82ae7ad5f1f7652109.jpg?fit=around%7C200%3A200&crop=200%3A200%3B%2A%2C%2A', '+91 8527900779, 0124 4900155', 28, NULL, NULL, 4.5, 3348, 'sha256$R5CgTzCi$ff7cf2999249be54acd9e75a4bdcf8dee90ee6e9486a865fe7f99ae3f059881f'),
(307374, 87, 'AMA Cafe', 'example87@gmail.com', 450, 'Cafe, Juices', '7 AM to 10 PM', 'Cafe', 'Dinner, Cash, Takeaway Available, Breakfast, Lunch, Credit Card, Debit Card, Indoor Seating, Air Conditioned, Wifi', 'https://b.zmtcdn.com/data/res_imagery/307374_RESTAURANT_6688d81a57b8da4bcf20d725de39a3d2.jpg?fit=around%7C200%3A200&crop=200%3A200%3B%2A%2C%2A', '011 66103668', 46, NULL, NULL, 4.5, 3828, 'sha256$PDMYaqJH$d87c3390e0ea95cdaa29d5a88b857d6408dceaf4b446d710868d10b44d4c5938'),
(307406, 99, 'Pandit Ji Parantha Hut', 'example99@gmail.com', 150, 'North Indian, Street Food', '7 AM to 11 PM', 'Quick Bites', 'Dinner, Takeaway Available, Lunch, Cash, Breakfast, Outdoor Seating', 'https://b.zmtcdn.com/data/pictures/6/307406/9d4a88bf6d11d6cd5b9143888536df38.jpg?fit=around%7C200%3A200&crop=200%3A200%3B%2A%2C%2A', '+91 9810060397', 22, NULL, NULL, 4.1, 1868, 'sha256$7FdrkBNV$54454f93c2e5517a61e7936612219d27c014a63ad57f89c9954cc9b49eab223f'),
(308322, 88, 'Hauz Khas Social', 'example88@gmail.com', 1300, 'Continental, American, Asian, North Indian, Chinese, Pizza, Biryani, Beverages', '11am  12:30AM (Mon-Sun)', 'Lounge', 'Dinner, Delivery, Credit Card, Breakfast, Lunch, Serves Alcohol, Cash, Takeaway Available, Debit Card, Fullbar, Live Music, Romantic Dining, Paid Wifi, Air Conditioned, Smoking Area, Live Sports Screening, Outdoor Seating, Indoor Seating, Table reservation required, Wifi, All Day Breakfast, Nightlife', 'https://b.zmtcdn.com/data/pictures/2/308322/b5221a35591a8f709a2cf34e8f4bb86b.jpg?fit=around%7C200%3A200&crop=200%3A200%3B%2A%2C%2A', '+91 7838652814', 42, NULL, NULL, 4.7, 14948, 'sha256$CzzGjSxM$90af0e332acaa6ef0608638f65bc2484469d3a8dbb730d62d8c82df92596d589'),
(308572, 54, 'Fat Lulu\'s Cafe & Bar', 'example54@gmail.com', 1700, 'Pizza, Italian, Salad', '11:30 AM to 11:30 PM', 'Casual Dining', 'Cash, Credit Card, Debit Card, Takeaway Available, Delivery, Dinner, Lunch, Air Conditioned, Wifi, Indoor Seating, Digital Payments Accepted, Fullbar, Axis Bank - Dining Delights, Table booking recommended', 'https://b.zmtcdn.com/data/reviews_photos/735/7db4b5992558ccdc3e3a2f0b5f855735_1564379383.jpg?crop=960%3A960%3B320%2C0&fit=around%7C200%3A200', '+91 8800601746, +91 9560799795', 38, NULL, NULL, 4.2, 1507, 'sha256$4wx0iq46$3a03a93600dc7d181274262eb9b985c5204beae618dcbbbd7e34b77dad0c2e0f'),
(310188, 42, 'PizzaExpress', 'example42@gmail.com', 1900, 'Italian, Pizza, Salad', '11:30am  12midnight (Mon-Sun)', 'Casual Dining', 'Dinner, Credit Card, Cash, Delivery, Lunch, Takeaway Available, Mall Parking, Air Conditioned, Wine, Table booking recommended, Beer, Wheelchair Accessible, Indoor Seating, Wifi', 'https://b.zmtcdn.com/data/res_imagery/309208_CHAIN_a246068459168a508ac2668890a9e26d.png?fit=around%7C200%3A200&crop=200%3A200%3B%2A%2C%2A', '0124 4665721, 0124 4665722', 48, NULL, NULL, 4.7, 2729, 'sha256$ALidnduL$40de5e9af41b17646e2e55c2410e4e8dbdb081a59e1e2f206144a4e718fc4443'),
(310470, 97, 'Moolchand Parantha', 'example97@gmail.com', 300, 'North Indian', '9 AM to 11:30 PM', '', 'No Seating Available, Dinner, Cash, Takeaway Available, Lunch', 'https://b.zmtcdn.com/data/reviews_photos/edd/f1806e1bf7194bf94e9261aaba9eaedd_1503240001.jpg?fit=around%7C200%3A200&crop=200%3A200%3B%2A%2C%2A', '+91 9871734042', 44, NULL, NULL, 4.2, 2122, 'sha256$Mdek5rEM$3882edf8c6e1079761c2593c6ea2b68ee24d93f85f9ea773cd9726d431845e41'),
(311104, 60, 'Impromptu', 'example60@gmail.com', 2200, 'European, Continental, North Indian, Italian', '12 Noon to 12 Midnight', 'Bar', 'Delivery, Lunch, Cash, Credit Card, Debit Card, Dinner, Air Conditioned, Smoking Area, Buffet, Live Sports Screening, Fullbar, Live Music, Table booking recommended, Digital Payments Accepted, Wifi, Nightlife, Outdoor Seating, Indoor Seating', 'https://b.zmtcdn.com/data/pictures/4/311104/c29ada940a810def0aa3dc2b30c8bc4c.jpg?fit=around%7C200%3A200&crop=200%3A200%3B%2A%2C%2A', '+91 7840055999, 0124 4119191', 28, NULL, NULL, 4.1, 2250, 'sha256$7Cq5xzX9$1c41cf5bae5300ca6c522d335a004105501aa6c75bfb555e2e98645841d5c201'),
(311662, 46, 'La Pino\'z Pizza', 'example46@gmail.com', 500, 'Pizza, Italian', '11 AM to 1 AM (Mon-Thu, Sat-Sun), 9:30 PM to 12 Midnight (Fri)', 'Casual Dining', 'Dinner, Cash, Delivery, Credit Card, Lunch, Takeaway Available, Debit Card, Indoor Seating, Digital Payments Accepted, Table booking recommended, Air Conditioned, Wifi', 'https://b.zmtcdn.com/data/pictures/2/311662/b5402245860a06f1e961064be7c6cc99.jpg?fit=around%7C200%3A200&crop=200%3A200%3B%2A%2C%2A', '+91 9250000016, +91 9250000034, +91 9810154544', 41, NULL, NULL, 4.4, 1068, 'sha256$6svcTcGR$71f3beaccb28ad1157b82ff70dd21a6f081ad742f9d02490b81db7caf25807bf'),
(313256, 93, 'The Junkyard Cafe', 'example93@gmail.com', 1500, 'North Indian, Mediterranean, Asian, Salad, Momos', '12 Noon to 1 AM', 'Lounge', 'Lunch, Cash, Credit Card, Dinner, Takeaway Available, Debit Card, Table booking recommended, Smoking Area, Nightlife, Fullbar, Live Music, Air Conditioned, Hookah, Valet Parking Available, Outdoor Seating, Indoor Seating', 'https://b.zmtcdn.com/data/pictures/6/313256/9b6361e931e9c15f93475b706341c5fd.jpg?fit=around%7C200%3A200&crop=200%3A200%3B%2A%2C%2A', '011 66103778', 24, NULL, NULL, 4.4, 6155, 'sha256$jZ8eexrW$98f949039299d0a2438cd7a7c076df1dd873a4716dd4874d2863c6f713d1ad8a'),
(313316, 50, 'Bikanervala', 'example50@gmail.com', 600, 'Mithai, Street Food, South Indian, North Indian, Chinese', '8 AM to 11 PM (Mon-Sun)', 'Sweet Shop', 'Lunch, Takeaway Available, Credit Card, Debit Card, Dinner, Cash, Delivery, Breakfast, Sodexo, Air Conditioned, Wheelchair Accessible, Indoor Seating, Pure Veg, Desserts and Bakes', 'https://b.zmtcdn.com/data/pictures/chains/1/491/041cd733bcc1683c88f6cb8a0b87b8c8.png?fit=around%7C200%3A200&crop=200%3A200%3B%2A%2C%2A', '0124 4707777, 0124 4707778', 28, NULL, NULL, 4.0, 1024, 'sha256$qO52vGMo$01e40d9c112e69fb108c31cac2b89d0a16f4c81b29553380288d96a16ed3f88e'),
(17983797, 35, 'Dada Boudi Restaurant', 'example35@gmail.com', 600, 'Mughlai, North Indian, Chinese', '12 Noon to 10:30 PM', 'Casual Dining', 'Dinner, Cash, Takeaway Available, Lunch, Delivery, Debit Card, Indoor Seating, Air Conditioned', 'https://b.zmtcdn.com/data/pictures/5/21875/632760f7f116edd0babf8bf19af4769f.jpg?fit=around%7C200%3A200&crop=200%3A200%3B%2A%2C%2A', '+91 9007614830', 37, NULL, NULL, 4.2, 2811, 'sha256$sgIgbofK$fb3ca040a7036b4234676eb9fc85d8eccde54005388199756c8c0139418f2646'),
(18017618, 32, '@49', 'example32@gmail.com', 400, 'Chinese', '1pm  10:30pm (Mon),6:01pm  10:30pm (Tue),12noon  10:30pm (Wed-Sun)', 'Quick Bites', 'Cash, Takeaway Available, Debit Card, Dinner, Delivery, Credit Card, Lunch, Outdoor Seating, Rooftop, Indoor Seating, Air Conditioned', 'https://b.zmtcdn.com/data/pictures/8/18017618/98d0c56bfe63d544b07a7decaaf66d27.jpg?fit=around%7C200%3A200&crop=200%3A200%3B%2A%2C%2A', '+91 8336937782, +91 8336937781', 40, NULL, NULL, 4.4, 1079, 'sha256$WOMOQhai$1d1e961bb23378bbe117df9ff8c14d8d107b3634eb3536f5a87722939e5fc604'),
(18168152, 47, 'Barbeque Nation', 'example47@gmail.com', 1600, 'North Indian, Chinese, BBQ', '12noon  3:30pm, 6:30pm  11:30pm (Mon-Sun)', 'Casual Dining', 'Lunch, Cash, Dinner, Credit Card, Debit Card, Fullbar, Live Music, Table booking recommended, Buffet, Outdoor Seating, Indoor Seating, Air Conditioned', 'https://b.zmtcdn.com/data/pictures/chains/2/1212/b6429ddad24625e65344caabb921bd57.jpg?fit=around%7C200%3A200&crop=200%3A200%3B%2A%2C%2A', '+91 9654266060', 42, NULL, NULL, 4.2, 1247, 'sha256$uQiUv9cs$18b5e4f632061767639b1e73f7aa489d584e83cc4e81c391ce35e1b8d81adc93'),
(18216901, 94, 'Unplugged Courtyard', 'example94@gmail.com', 1600, 'North Indian, Continental, Momos', '12 Noon to 1 AM', 'Bar', 'Lunch, Serves Alcohol, Cash, Credit Card, Debit Card, Dinner, Takeaway Available, Live Sports Screening, Valet Parking Available, Outdoor Seating, Indoor Seating, Air Conditioned, Wifi, Live Entertainment, Nightlife, Fullbar, Live Music, Romantic Dining, Table booking recommended, Axis Bank - Dining Delights, Smoking Area, Brunch', 'https://b.zmtcdn.com/data/pictures/1/18216901/fa4dddbc68229de1ddfcae8d5132073e.jpg?fit=around%7C200%3A200&crop=200%3A200%3B%2A%2C%2A', '+91 9999396662, +91 9999396661', 27, NULL, NULL, 4.1, 3620, 'sha256$EOmOCq0i$6679324695aa59374ab2624d97fb9501892c39393353fcf6d79c5ce839116aff'),
(18224532, 56, 'Dilli 6 On Wheels', 'example56@gmail.com', 250, 'North Indian, Chinese, Kebab', '11 AM to 11 PM', 'Quick Bites', 'Lunch, Cash, Takeaway Available, Breakfast, Dinner, Delivery, Credit Card, Debit Card, Outdoor Seating, Indoor Seating', 'https://b.zmtcdn.com/data/pictures/chains/2/18224532/006ee8456f1db84e899417fc9e98ae6f.jpeg?fit=around%7C200%3A200&crop=200%3A200%3B%2A%2C%2A', '+91 9873372240', 27, NULL, NULL, 4.0, 3580, 'sha256$l1zzz12x$752634b0d061463e08e84fb0b7bd77a84cec96b9c172a024f219f3581b02f3e6'),
(18238278, 86, 'Tamasha', 'example86@gmail.com', 1600, 'Finger Food, North Indian, Continental, Italian', '12 Noon to 1 AM (Mon-Sun)', 'Bar', 'Credit Card, Serves Alcohol, Debit Card, Lunch, Cash, Dinner, Digital Payments Accepted, DJ, Fullbar, Air Conditioned, Live Entertainment, Outdoor Seating, Table booking recommended, Hookah, Live Sports Screening, Live Music, Smoking Area, Nightlife, Indoor Seating', 'https://b.zmtcdn.com/data/pictures/8/18238278/39d09a5c0215d8b12ae4742efe564a62.png?fit=around%7C200%3A200&crop=200%3A200%3B%2A%2C%2A', '011 66103822', 37, NULL, NULL, 4.5, 8885, 'sha256$YFrvwLTS$8c675bd7c5a1379b266c3565fab3adf327fcc6ee0aa1cd0a2ccbf31e7d56dcec'),
(18273556, 96, 'PizzaExpress', 'example96@gmail.com', 1900, 'Italian, Pizza, Salad', '11:30 AM to 11:30 PM', 'Casual Dining', 'Dinner, Cash, Takeaway Available, Debit Card, Lunch, Mall Parking, Delivery, Credit Card, Indoor Seating, Air Conditioned, Wifi, Table booking recommended, Wheelchair Accessible', 'https://b.zmtcdn.com/data/res_imagery/309208_CHAIN_a246068459168a508ac2668890a9e26d.png?fit=around%7C200%3A200&crop=200%3A200%3B%2A%2C%2A', '0120 6209981, 0120 6209982', 33, NULL, NULL, 4.3, 3114, 'sha256$RrOpbjI6$fc8316b5fb414eaf82fa109837d13e6b21f5e68e3027f87cc7af651b4609b71f'),
(18277179, 52, 'Yum Yum Cha', 'example52@gmail.com', 1800, 'Chinese, Japanese, Sushi', '12 Noon to 11 PM (Mon-Sun)', 'Casual Dining', 'Credit Card, Dinner, Takeaway Available, Cash, Debit Card, Lunch, No Alcohol Available, Valet Parking Available, Indoor Seating, Digital Payments Accepted, Wheelchair Accessible, Smoking Area', 'https://b.zmtcdn.com/data/res_imagery/308741_CHAIN_bee67e363e99ac549b34c85ffe5d8de7.jpg?fit=around%7C200%3A200&crop=200%3A200%3B%2A%2C%2A', '+91 9810002993, 0124 4078133, 0124 4078233', 42, NULL, NULL, 4.6, 1493, 'sha256$9E9YJOep$f903597d48a93493e4e75b711b4dcfa80be0c64aca7b119b7e0832a9e346f1fd'),
(18281957, 58, 'Factory By Sutra', 'example58@gmail.com', 1600, 'Modern Indian, Asian, Continental, Italian', '12 Noon to 1 AM', 'Microbrewery', 'Lunch, Cash, Credit Card, Dinner, Takeaway Available, Debit Card, Live Sports Screening, Fullbar, Indoor Seating, Table booking recommended, Wifi, Nightlife, Live Music, Rooftop, Air Conditioned, Smoking Area', 'https://b.zmtcdn.com/data/res_imagery/18281957_RESTAURANT_1631cd8cf88f0424ece502a4b3158f60.jpeg?fit=around%7C200%3A200&crop=200%3A200%3B%2A%2C%2A', '+91 9205246700, +91 9205249700, +91 8920960204', 37, NULL, NULL, 4.3, 2786, 'sha256$2ECOznzd$f663c07a87bd478dd9f02a796715075950ada8fc7992705aa617ee38a325c840'),
(18289242, 41, 'Cyber Hub Social', 'example41@gmail.com', 2200, 'Continental, American, Asian, North Indian, European', '11am  1am (Mon, Tue, Thu, Fri, Sat, Sun), 11am  12:30AM (Wed)', 'Lounge', 'Lunch, Cash, Takeaway Available, Debit Card, Dinner, Delivery, Credit Card, Live Sports Screening, Fullbar, Table reservation required, Digital Payments Accepted, Wifi, Nightlife, Indoor Seating, Restricted Entry, Air Conditioned, Smoking Area', 'https://b.zmtcdn.com/data/pictures/2/18289242/972a5ed0736cd32dbea4a9cf826374d6.jpg?fit=around%7C200%3A200&crop=200%3A200%3B%2A%2C%2A', '+91 7838045182', 26, NULL, NULL, 4.5, 3622, 'sha256$w80LJL07$3ae956e3f9054eee26ae12c5c43c7bd69ce58bfcac636842a96a27b91bd5eade'),
(18303709, 76, 'Burma Burma', 'example76@gmail.com', 1500, 'Asian, Burmese', '12noon  3pm (Mon),12noon  3pm, 7pm  11pm (Tue-Fri),12noon  3:30pm, 7pm  11pm (Sat-Sun)', 'Casual Dining', 'No Alcohol Available, Dinner, Takeaway Available, Credit Card, Lunch, Cash, Debit Card, Valet Parking Available, Air Conditioned, Wheelchair Accessible, Pure Veg, Sneakpeek, Indoor Seating, Table booking recommended, Wifi, Gluten Free Options, Serves Jain Food', 'https://b.zmtcdn.com/data/pictures/chains/9/18303709/69c66c4dd101dd3eba9ad0668a70c5dd.jpg?fit=around%7C200%3A200&crop=200%3A200%3B%2A%2C%2A', '0124 4372999, 0124 4372998, 0124 4372997', 36, NULL, NULL, 4.7, 2380, 'sha256$xNQk8p9N$238cc8e2c091611868df3245d6d508b49f4fb04d1a00f4f27be2fcf0f916e362'),
(18337894, 66, 'Prankster', 'example66@gmail.com', 1500, 'Bar Food, Modern Indian', '12:30 PM to 1 AM', 'Microbrewery', 'Cash, Dinner, Lunch, Debit Card, Credit Card, Smoking Area, Fullbar, Outdoor Seating, Wifi, Table booking recommended, Craft Beer, Live Sports Screening, Digital Payments Accepted, Air Conditioned, Nightlife, Above 18 Only, Indoor Seating', 'https://b.zmtcdn.com/data/pictures/4/18337894/5eb0ab5aa7b77bfd4df7b241f0f879f2.jpg?fit=around%7C200%3A200&crop=200%3A200%3B%2A%2C%2A', '0124 4266653, 0124 4266654, +91 9650105666', 38, NULL, NULL, 4.2, 4955, 'sha256$qAEMoiys$ddb52e064d827f4192a6d15835a852656d748396fa3f3d6ccaaf64ea7e41cc79'),
(18337897, 53, 'Vapour Bar Exchange', 'example53@gmail.com', 1600, 'Continental, Italian, American, North Indian', '12 Noon to 12 Midnight', 'Microbrewery', 'Lunch, Cash, Delivery, Dinner, Credit Card, Debit Card, DJ, Nightlife, Outdoor Seating, Table booking recommended, Brunch, Desserts and Bakes, Live Sports Screening, Fullbar, Indoor Seating, Air Conditioned, Smoking Area, Group Meal', 'https://b.zmtcdn.com/data/pictures/5/18463965/1e7a94548a01dda0c06735c8b6e5a7e0.jpg?fit=around%7C200%3A200&crop=200%3A200%3B%2A%2C%2A', '+91 9582555610, +91 9582555611, +91 9582555614', 44, NULL, NULL, 4.5, 1167, 'sha256$z0kDYvJu$5d08437d6a18328bc016b1c4286b6c2efa097a931f3d5caeb85a49b6d5e832e8'),
(18377098, 29, 'CALCUTTA 64', 'example29@gmail.com', 900, 'Cafe, Continental, Mexican, Italian', '11:30am  11pm (Mon-Fri),8am  11pm (Sat-Sun)', 'Cafe', 'Lunch, Takeaway Available, Breakfast, Dinner, Cash, Delivery, Credit Card, Debit Card, Live Sports Screening, Air Conditioned, Wifi, Indoor Seating', 'https://b.zmtcdn.com/data/pictures/8/18377098/de6bbd8f8084e7757b31083cad7bce9d.jpg?fit=around%7C200%3A200&crop=200%3A200%3B%2A%2C%2A', '033 40643464', 23, NULL, NULL, 4.4, 2364, 'sha256$c4jVnDIN$fcf7f93e6ca4996d5f49da44b31549f0d3b78758e69123387c69326bedca2203'),
(18382360, 89, 'Local', 'example89@gmail.com', 1600, 'North Indian, Continental, Momos', '11 AM to 1 AM', 'Bar', 'Dinner, Cash, Credit Card, Lunch, Debit Card, Live Sports Screening, Valet Parking Available, Indoor Seating, Air Conditioned, DJ, Nightlife, Fullbar, Table booking recommended, Sneakpeek, Smoking Area, Digital Payments Accepted', 'https://b.zmtcdn.com/data/pictures/0/18382360/e573a272f5e7b1d7b40a5eb6da62f562.jpg?fit=around%7C200%3A200&crop=200%3A200%3B%2A%2C%2A', '011 66103919', 22, NULL, NULL, 4.3, 6793, 'sha256$byFixfBK$332627a53e3e9ec8a2fc2e89ee6ba0f8e65bd253ffc13206c57d3983d181a5f4'),
(18383453, 59, 'Circus', 'example59@gmail.com', 1800, 'North Indian, Chinese, Italian', '12 Noon to 12 Midnight', 'Casual Dining', 'Delivery, Lunch, Serves Alcohol, Cash, Debit Card, Dinner, Credit Card, Outdoor Seating, Air Conditioned, Fullbar, Indoor Seating, Table booking recommended, Axis Bank - Dining Delights', 'https://b.zmtcdn.com/data/pictures/3/18383453/bec5bd4a980951768449898908b908e2.jpg?fit=around%7C200%3A200&crop=200%3A200%3B%2A%2C%2A', '0124 4966321, +91 9821772934, +91 9582085021', 46, NULL, NULL, 4.0, 2164, 'sha256$lyP3JyIe$3b6b7eb77756318f8ec9915cd3e1db2fea48229616a2c3ae9ae1de399ba62198'),
(18398880, 21, 'JW Kitchen - JW Marriott Hotel', 'example21@gmail.com', 3000, 'North Indian, European, Mediterranean, Thai, Salad, Juices', '24 Hours', 'Casual Dining', 'Dinner, Serves Alcohol, Breakfast, Lunch, Cash, Credit Card, Debit Card, Valet Parking Available, Indoor Seating, Air Conditioned, Luxury Dining, Wheelchair Accessible, Buffet, Fullbar, 4/5 Star, Table booking recommended, Smoking Area, Brunch', 'https://b.zmtcdn.com/data/res_imagery/18398880_RESTAURANT_1086fdbb10f8246454a29465c2eb4d4a.jpg?fit=around%7C200%3A200&crop=200%3A200%3B%2A%2C%2A', '+91 7603037737, +91 7604070217, +91 6290728863', 42, NULL, NULL, 4.5, 4037, 'sha256$Y7nkJbKY$a1aff427cfccb4949c0bde4e83c2b81319b89c2de2beefc9f18c07097508cb3e'),
(18414440, 25, 'Traffic Gastropub', 'example25@gmail.com', 1800, 'North Indian, Italian, Pizza', '12 Noon to 12 Midnight', 'Pub', 'Dinner, Mall Parking, Takeaway Available, Lunch, Cash, Credit Card, DJ, Karaoke, Live Sports Screening, Valet Parking Available, Gastro Pub, Beer, Serves Cocktails, Table booking recommended, Hookah, Dance Floor, Live Entertainment, Nightlife, Fullbar, Wine, Indoor Seating, Above 18 Only, Air Conditioned, Smoking Area', 'https://b.zmtcdn.com/data/reviews_photos/b9b/6396f51b337089e0d746034d935adb9b_1559436170.jpg?fit=around%7C200%3A200&crop=200%3A200%3B%2A%2C%2A', '+91 9903446566, +91 7797504404', 28, NULL, NULL, 4.5, 1954, 'sha256$avOTZjK7$e3e08a1657de3ba1ad4ff804b3237f0f720d7c35d27268c20f7c0c33ba8cc4e9'),
(18415341, 45, 'IHOP', 'example45@gmail.com', 1800, 'Cafe, American, Desserts', '8AM to 12Midnight (Mon-Sun)', 'Cafe', 'Lunch, Cash, Takeaway Available, Breakfast, No Alcohol Available, Dinner, Delivery, Credit Card, Debit Card, Indoor Seating, Air Conditioned, Kid Friendly, Table Reservation Not Required, Axis Bank - Dining Delights', 'https://b.zmtcdn.com/data/pictures/chains/1/18415341/7ce54f76d881e1801cdcf2e398cd4331.png?fit=around%7C200%3A200&crop=200%3A200%3B%2A%2C%2A', '+91 9999184486, +91 9999739599', 34, NULL, NULL, 4.1, 2138, 'sha256$SLkF3pLC$b942b8733bc53a322f8ebfed8d420525870d4576c5f1e64b005c68211298812e'),
(18418233, 51, 'Agent Jack\'s Bidding Bar', 'example51@gmail.com', 1800, 'Bar Food', '12 Noon to 12 Midnight', 'Pub', 'Dinner, Takeaway Available, Debit Card, Lunch, Cash, Credit Card, DJ, Nightlife, Live Music, Rooftop, Air Conditioned, Smoking Area, Live Sports Screening, Fullbar, Indoor Seating, Above 18 Only, Wifi', 'https://b.zmtcdn.com/data/pictures/3/18418233/2bc8d019756301de3d4058e4c9bc64b6.jpg?fit=around%7C200%3A200&crop=200%3A200%3B%2A%2C%2A', '011 66103947', 26, NULL, NULL, 4.3, 2019, 'sha256$LGyHEa8k$d7635d26c59456c900205c0e942ee6f1c75b3bd6e45cac5315678395568c4bfe'),
(18418247, 62, 'Feel Alive', 'example62@gmail.com', 1200, 'North Indian, Fast Food, Italian, Asian, Continental, Bar Food', '11:45 AM to 1 AM', 'Pub', 'Dinner, Cash, Takeaway Available, Debit Card, Lunch, Serves Alcohol, Credit Card, Karaoke, Fullbar, Indoor Seating, Above 18 Only, Smoking Area, Live Sports Screening, Live Music, Air Conditioned, Private Dining Area Available, Wifi', 'https://b.zmtcdn.com/data/res_imagery/18418247_RESTAURANT_21f3654cca54cbf08128a1421b245612.jpg?fit=around%7C200%3A200&crop=200%3A200%3B%2A%2C%2A', '011 61495167', 36, NULL, NULL, 4.9, 2153, 'sha256$B9ngz5Bz$c19835dac21eb3bc05a3f605f2aa84045e9366c771d27419c495f0941b0bf2e2'),
(18418277, 91, 'Ministry Of Beer', 'example91@gmail.com', 1500, 'Continental, Italian, Asian, Momos', '12 Noon to 1 AM (Mon-Sun)', 'Microbrewery', 'Lunch, Credit Card, Dinner, Cash, Debit Card, Dance Floor, Nightlife, Fullbar, Live Music, Above 18 Only, Digital Payments Accepted, Axis Bank - Dining Delights, Smoking Area, Live Sports Screening, Valet Parking Available, Outdoor Seating, Indoor Seating, Table booking recommended, Air Conditioned, Wifi', 'https://b.zmtcdn.com/data/pictures/7/18418277/844c3a3fbaaf85ae19831c502800ddbd.jpg?fit=around%7C200%3A200&crop=200%3A200%3B%2A%2C%2A', '011 66992286', 43, NULL, NULL, 4.4, 3110, 'sha256$DEjmXNhP$77bcf40699262838db082d65cda4bf3db00847c507c6f6139502cf51b6d7ffaf'),
(18423151, 83, 'The Darzi Bar & Kitchen', 'example83@gmail.com', 1500, 'North Indian, Chinese, Continental, Pizza', '12 Noon to 1 AM', 'Casual Dining', 'Lunch, Serves Alcohol, Cash, Credit Card, Dinner, Debit Card, Live Sports Screening, Fullbar, Indoor Seating, Air Conditioned, DJ, Valet Parking Available, Live Music, Rooftop, Free Wifi, Axis Bank - Dining Delights, Smoking Area', 'https://b.zmtcdn.com/data/pictures/1/18423151/5f287c45dcb94695bf9dac2ca6bb169c.jpg?fit=around%7C200%3A200&crop=200%3A200%3B%2A%2C%2A', '+91 9311714703, +91 9311714702, +91 9313314700', 29, NULL, NULL, 4.4, 3313, 'sha256$fGcbhsCJ$08395ab64423cad8455b1ce632e62570752160ed58f2fb093f9003811654e766'),
(18429148, 85, 'Pa Pa Ya', 'example85@gmail.com', 2500, 'Asian, Chinese, Thai, Japanese', '12Noon to 1AM (Mon-Sun)', 'Fine Dining', 'Lunch, Serves Alcohol, Cash, Credit Card, Debit Card, Dinner, Mall Parking, Fullbar, Air Conditioned, Indoor Seating, Table booking recommended, Smoking Area, Brunch', 'https://b.zmtcdn.com/data/res_imagery/18429148_RESTAURANT_433edbeec2decc62911522378eca7fa8.jpg?fit=around%7C200%3A200&crop=200%3A200%3B%2A%2C%2A', '011 66103779', 30, NULL, NULL, 4.7, 3376, 'sha256$76RY5ycD$0bdbeb5118b71d5963a0106efdead132019b251b8b675f7b97bec1acb0a80671'),
(18463965, 74, 'Vapour Bar Exchange', 'example74@gmail.com', 1600, 'Continental, Italian, American, North Indian', '12 Noon to 12 Midnight', 'Microbrewery', 'Dinner, Cash, Debit Card, Lunch, Mall Parking, Credit Card, Live Sports Screening, Craft Beer, Indoor Seating, Table Reservation Not Required, Nightlife, Fullbar, Above 18 Only, Air Conditioned', 'https://b.zmtcdn.com/data/pictures/5/18463965/1e7a94548a01dda0c06735c8b6e5a7e0.jpg?fit=around%7C200%3A200&crop=200%3A200%3B%2A%2C%2A', '+91 9599008185, +91 9582555614, +91 9582555613', 40, NULL, NULL, 4.8, 1047, 'sha256$5985NV5h$a13a4881d9cf0c96f16f257bf4da97223738508010b870325c612a3fe4496950'),
(18551512, 55, 'Mamagoto', 'example55@gmail.com', 2200, 'Asian', '12:30pm  11:30pm (Mon-Sun)', 'Casual Dining', 'Lunch, Cash, Credit Card, Dinner, Debit Card, Fullbar, Table booking recommended, Indoor Seating, Air Conditioned, Wifi', 'https://b.zmtcdn.com/data/pictures/2/2632/b0ce7cde82e247cbe5705064c1ca41c1.jpg?fit=around%7C200%3A200&crop=200%3A200%3B%2A%2C%2A', '+91 9873739473, +91 9599933602', 38, NULL, NULL, 4.3, 1209, 'sha256$UGX7AydR$1e1026255fcc5884867012eaa6d70ec008f11afc4fd37c374e019cf51eae8425'),
(18555387, 72, 'Friction The Drinkery', 'example72@gmail.com', 1600, 'North Indian, Continental, Thai', '12 Noon to 12:30 AM', 'Bar', 'Dinner, Cash, Takeaway Available, Debit Card, Lunch, Credit Card, Fullbar, Wine, Live Music, Serves Cocktails, Air Conditioned, Nightlife, Valet Parking Available, Outdoor Seating, Beer, Indoor Seating, Table booking recommended, Axis Bank - Dining Delights, Smoking Area, DJ', 'https://b.zmtcdn.com/data/pictures/chains/7/18555387/ed6b196d2dc840bc6c153b5d1836dfff.jpg?fit=around%7C200%3A200&crop=200%3A200%3B%2A%2C%2A', '011 71565324', 27, NULL, NULL, 4.7, 958, 'sha256$OozeaLSv$7bb9efda918e0c7035eb6653ee71684dad5a5a1f24c466b661efdb5fd452f5d5'),
(18562836, 98, 'Diggin', 'example98@gmail.com', 1300, 'Cafe, Italian, Mexican, Desserts', '11:30am  10pm (Mon-Sun)', 'Cafe', 'Lunch, Takeaway Available, Debit Card, Dinner, Cash, Credit Card, Outdoor Seating, Air Conditioned, Indoor Seating', 'https://b.zmtcdn.com/data/pictures/6/18562836/f61a5c9ee23f76a1412cd8aae6d30651.jpg?fit=around%7C200%3A200&crop=200%3A200%3B%2A%2C%2A', '011 26110787, 011 26110788, +91 8826655069', 26, NULL, NULL, 4.3, 2730, 'sha256$LNsB5yhP$b1519b89baf5f8310870652deff2c194a4aa853f339aee4ce29b787e9d2572c9'),
(18574357, 34, 'Baccara', 'example34@gmail.com', 800, 'Chinese, Continental, Thai, Asian, Italian', '12 Noon to 2 AM', 'Cafe', 'Dinner, Cash, Delivery, Credit Card, Lunch, Takeaway Available, Debit Card, Live Entertainment, Live Music, Rooftop, Digital Payments Accepted, Live Sports Screening, Indoor Seating, Table booking recommended, Air Conditioned, Smoking Area', 'https://b.zmtcdn.com/data/pictures/7/18574357/c49a2cf4a5bf202b376f62427a552ef4.jpg?fit=around%7C200%3A200&crop=200%3A200%3B%2A%2C%2A', '+91 8336041852, +91 9903480980', 41, NULL, NULL, 4.2, 1368, 'sha256$BAoYRTzF$427f7214e2e9be1d9c31537d6981dc96322e63f7f7e7da6ec27fa908da518655'),
(18575757, 23, 'Cafe HQ', 'example23@gmail.com', 600, 'Cafe, Continental, Italian, Chinese', '12:30pm  11pm (Mon-Sun)', 'Cafe', 'Lunch, Takeaway Available, Credit Card, Dinner, Cash, Delivery, Debit Card, Board Games, Free Wifi, Digital Payments Accepted, Kid Friendly, Wifi, Desserts and Bakes, Indoor Seating, Table booking recommended, Air Conditioned, Vegan Options, Group Meal', 'https://b.zmtcdn.com/data/pictures/7/18575757/0badeaaf671938280e65e60c163d4f81.jpg?fit=around%7C200%3A200&crop=200%3A200%3B%2A%2C%2A', '+91 9123790110, +91 8697913874, +91 9874581894', 39, NULL, NULL, 4.5, 1204, 'sha256$Qip8K7e2$02b4c249d6aed66fe2a8d854599346e0240a8885501783330db4843d764c43b7'),
(18579383, 75, 'The Barbeque Company', 'example75@gmail.com', 1200, 'North Indian, Chinese, BBQ', '12noon  3:30pm, 6:30pm  11pm (Mon-Sun)', 'Casual Dining', 'Dinner, Credit Card, Debit Card, Cash, Delivery, Lunch, Air Conditioned, Wheelchair Accessible, Free Parking, Valet Parking Available, Indoor Seating, Table reservation required, Buffet, Live Sports Screening, Fullbar', 'https://b.zmtcdn.com/data/pictures/chains/7/17977777/4e479340b14a96e28b5f9a6d1938c395.jpg?fit=around%7C200%3A200&crop=200%3A200%3B%2A%2C%2A', '011 30806414', 42, NULL, NULL, 4.4, 2314, 'sha256$7uo4y8xE$cb343d1c8cb148580a20fa0464f943697cdd65b452a68340f0c427a94c71816c'),
(18601364, 63, 'AB\'s - Absolute Barbecues', 'example63@gmail.com', 1600, 'European, Mediterranean, North Indian', '12 Noon to 4:30 PM, 6:30 PM to 11:30 PM', 'Casual Dining', 'Lunch, Mall Parking, Takeaway Available, Dinner, Cash, Credit Card, Debit Card, Fullbar, Air Conditioned, Buffet, Group Meal, Indoor Seating, Kid Friendly', 'https://b.zmtcdn.com/data/pictures/chains/4/18601364/cc7e5ba04c3d10c8f5d8b04b79ed9ab5.jpg?fit=around%7C200%3A200&crop=200%3A200%3B%2A%2C%2A', '+91 7337336718, 040 45659921', 45, NULL, NULL, 4.7, 4510, 'sha256$vfSny1nN$108472830f5293c92f68227799634097c36e5a344c0c79743e238d6384b6903c'),
(18607141, 30, 'Blu Orchid', 'example30@gmail.com', 700, 'Chinese, Asian', '12Noon to 10:45PM (Mon-Sun)', '', 'Delivery, Credit Card, Lunch, Dinner, Cash, Takeaway Available, Debit Card, No Seating Available, Card Upon Delivery, Indoor Seating', 'https://b.zmtcdn.com/data/pictures/1/18607141/bfbeeebe9285de90279aa69d4c8ee994.jpg?fit=around%7C200%3A200&crop=200%3A200%3B%2A%2C%2A', '+91 9903509427, +91 9903509428', 39, NULL, NULL, 4.6, 591, 'sha256$xlJrcftF$ed557e26ac7e0bda89453ca81a0e3e233a016e38573289706b11bab940a89fcc'),
(18610904, 28, 'The Fatty Bao', 'example28@gmail.com', 1500, 'Japanese, Sushi, Asian', '12 Noon to 11:30 PM', 'Casual Dining', 'Lunch, Cash, Takeaway Available, Debit Card, Dinner, Mall Parking, Delivery, Credit Card, Valet Parking Available, Gastro Pub, Table booking recommended, Catering Available, Axis Bank - Dining Delights, Wheelchair Accessible, Fullbar, Indoor Seating, Air Conditioned, Kid Friendly, Smoking Area', 'https://b.zmtcdn.com/data/pictures/4/18610904/a723f5948e2079051956196faf97c329.jpg?fit=around%7C200%3A200&crop=200%3A200%3B%2A%2C%2A', '033 46022744, +91 9123701014', 22, NULL, NULL, 4.6, 1055, 'sha256$s5F1Q7LD$60bc045ed31b8ca2a0beb27b906481a706984d60fe05a60251d41ce93ce5d161'),
(18625812, 90, 'Detroit', 'example90@gmail.com', 1500, 'Bar Food, Mexican, Italian', 'Mon-Sun (12 Noon to 1 AM)', 'Bar', 'Lunch, Takeaway Available, Debit Card, Dinner, Cash, Credit Card, Nightlife, Fullbar, Table booking recommended, Sneakpeek, Sports TV, Indoor Seating, Air Conditioned', 'https://b.zmtcdn.com/data/pictures/2/18625812/e096c365a1d18caca1d3844f15c714af.png?fit=around%7C200%3A200&crop=200%3A200%3B%2A%2C%2A', '+91 8448090403, +91 8448090404, +91 8448090402', 20, NULL, NULL, 4.5, 1393, 'sha256$3MbWTFUg$26c87e834d202ad329a094d1540edb0ce4eb2077773a9ac41f17a6be72f2841b'),
(18634729, 26, 'Carpe Diem', 'example26@gmail.com', 1000, 'Chinese, North Indian, Continental', '12noon  12midnight (Mon-Sun)', 'Lounge', 'Lunch, Takeaway Available, Debit Card, Dinner, Cash, Credit Card, DJ, Sports TV, Fullbar, Air Conditioned, Smoking Area, Live Sports Screening, Valet Parking Available, Indoor Seating, Wifi', 'https://b.zmtcdn.com/data/pictures/9/18634729/bfe9fea24968af086ea01a8ae26d15c2.jpg?fit=around%7C200%3A200&crop=200%3A200%3B%2A%2C%2A', '033 46023235, +91 7003523869, +91 9748796871', 25, NULL, NULL, 4.5, 3049, 'sha256$q0ZVLfVx$65ef87f55458e5d1394255a5b3bb4e300e8ce2c8f039f81b91ac242c683069e2'),
(18637042, 80, 'Cervesia', 'example80@gmail.com', 1200, 'North Indian, Continental, Chinese', '12noon  12midnight (Mon-Sun)', 'Pub', 'Dinner, Cash, Takeaway Available, Lunch, Credit Card, Debit Card, Dance Floor, Fullbar, Live Music, Rooftop, Table booking recommended, Brunch, Desserts and Bakes, Live Sports Screening, Outdoor Seating, Indoor Seating, Free Wifi, Air Conditioned, Smoking Area', 'https://b.zmtcdn.com/data/pictures/2/18637042/ba96505b1b6c32ff7a8d6539af86381e.jpeg?fit=around%7C200%3A200&crop=200%3A200%3B%2A%2C%2A', '+91 7289912000, +91 7289913000', 33, NULL, NULL, 4.4, 1421, 'sha256$V5ZCveKK$0b6969d29abee2421f9442802c756bc32872c153921a1efec7e9c1583f184617'),
(18649486, 61, 'The Drunken Botanist', 'example61@gmail.com', 2000, 'Continental, Italian, North Indian, Chinese', 'Mon-Sun (12 Noon to 1 AM)', 'Bar', 'Dinner, Cash, Credit Card, Lunch, Serves Alcohol, Debit Card, Nightlife, Indoor Seating, Table booking recommended, DJ, Fullbar, Air Conditioned, Smoking Area', 'https://b.zmtcdn.com/data/pictures/6/18649486/891f5711b0028057cdf834ca1fee9780.jpg?fit=around%7C200%3A200&crop=200%3A200%3B%2A%2C%2A', '011 66992206', 29, NULL, NULL, 4.4, 5663, 'sha256$AaAELFQF$18b65e5c6ffff4a5e75974decdfdcb2a4dde02e4b4888fe825bdfb0f1a23c97a'),
(18656043, 68, 'Pra Pra Prank', 'example68@gmail.com', 2100, 'Asian, Modern Indian', '12 Noon to 12 Midnight', 'Casual Dining', 'Cash, Debit Card, Dinner, Credit Card, Takeaway Available, Lunch, Air Conditioned, Fullbar, Indoor Seating, Digital Payments Accepted', 'https://b.zmtcdn.com/data/pictures/3/18656043/6ea2c3c7177f712c0678dd69eb30156b.jpg?fit=around%7C200%3A200&crop=200%3A200%3B%2A%2C%2A', '+91 9599965282, +91 9599965292', 36, NULL, NULL, 4.1, 1800, 'sha256$iWn3uli1$840c9035e83aeb0ef3e28e96fd78ce00eca294b663a378d775e5297d23c6ba78'),
(18687573, 43, 'eat.fit', 'example43@gmail.com', 500, 'Healthy Food, North Indian, Biryani, Continental, Desserts', '7am  10:30pm (Mon-Sun)', '', 'Delivery, Dinner, Debit Card, Credit Card, No Seating Available, Breakfast, Lunch, Digital Payments Accepted, Desserts and Bakes, Lunch Menu', 'https://b.zmtcdn.com/data/pictures/3/19131493/b7fb018ebabbdc4d9cf026f589bcbe72.jpg?fit=around%7C200%3A200&crop=200%3A200%3B%2A%2C%2A', 'Not available for this place', 20, NULL, NULL, 4.2, 828, 'sha256$stU2ObAF$ef3576c40bd31e360c101e05947469c855c6db7f0a97dbebbf7b053841020802'),
(18703712, 40, 'Zaairah', 'example40@gmail.com', 1000, 'North Indian, Chinese, Mexican', 'Closed (Mon),12noon  2am (Tue-Sun)', 'Casual Dining', 'Lunch, Delivery, Credit Card, Dinner, Cash, Takeaway Available, Debit Card, Valet Parking Available, Table booking recommended, Digital Payments Accepted, Kid Friendly, Hookah, Smoking Area, Pure Veg, Live Sports Screening, Indoor Seating, Table booking for Groups, Air Conditioned, Private Dining Area Available, Wifi, Serves Jain Food', 'https://b.zmtcdn.com/data/pictures/2/18703712/feeac9c32c0c405bd672cc7ee8e369a5.jpg?fit=around%7C200%3A200&crop=200%3A200%3B%2A%2C%2A', '+91 6292116140, +91 6292116144, +91 9874977771', 41, NULL, NULL, 4.5, 970, 'sha256$wU7PHLQ6$c566b9b16ca145ade0f2495ba488566eafa913f4b20d7b2fad1b0b7c3dedd62b'),
(18707652, 37, 'Zam Zam', 'example37@gmail.com', 500, 'Biryani, Mughlai, Kebab, North Indian', '12 Noon to 12 Midnight', 'Casual Dining', 'Lunch, Cash, No Alcohol Available, Dinner, Takeaway Available, Indoor Seating, Table booking not available, Table Reservation Not Required', 'https://b.zmtcdn.com/data/pictures/2/18707652/c50da022c4b3ce24bf8a427880546f6a.jpg?fit=around%7C200%3A200&crop=200%3A200%3B%2A%2C%2A', '033 22872079', 41, NULL, NULL, 4.3, 1250, 'sha256$NODGWwT8$f41abd2a61daa424e2212bad3858940542995a26a9e0a13f2e5e34d62ce8a185'),
(18712598, 22, 'Seven Kingdom', 'example22@gmail.com', 750, 'Continental, Italian, European', '11 AM to 10 PM (Mon-Fri), 10 AM to 10 PM (Sat-Sun)', 'Quick Bites', 'Delivery, Credit Card, Lunch, Cash, Takeaway Available, Debit Card, Dinner, Private Dining Area Available, Free Parking, Live Sports Screening, Air Conditioned, Disabled Friendly, Wifi, Live Entertainment, Indoor Seating, Kid Friendly', 'https://b.zmtcdn.com/data/pictures/8/18712598/2b03527949b60b311c0c082e98fc664d.jpg?fit=around%7C200%3A200&crop=200%3A200%3B%2A%2C%2A', '+91 9831178085, +91 9903074575, +91 8609812641', 46, NULL, NULL, 4.4, 1129, 'sha256$0nGosr9m$51cf3247ebba1d37950b02d47577e3c6a3fc2b45d0c19fde0ef96004e0cc65ca'),
(18759923, 67, 'Duty Free | Vayu Bar', 'example67@gmail.com', 1700, 'Continental, Mexican, North Indian, Italian, Asian', '12 Noon to 1 AM', 'Microbrewery', 'Lunch, Cash, Takeaway Available, Debit Card, Dinner, Credit Card, DJ, Nightlife, Outdoor Seating, Indoor Seating, Free Wifi, Live Sports Screening, Fullbar, Live Music, Rooftop, Air Conditioned, Smoking Area', 'https://b.zmtcdn.com/data/reviews_photos/f4d/625440c3b9fae92b77d996ea9b35ef4d_1559509339.jpg?fit=around%7C200%3A200&crop=200%3A200%3B%2A%2C%2A', '011 71564167', 39, NULL, NULL, 4.1, 1427, 'sha256$4q6nuIdZ$8f248150dc73d3912ca9333d747352ef68f2f6df149f5d9b65e51e8572135f7e'),
(18761167, 24, 'Echoes Kolkata', 'example24@gmail.com', 1300, 'Italian, Chinese, Finger Food', '12:30pm  12midnight (Mon, Tue, Wed, Thu, Sun), 12midnight  1:59am, 12:30pm  12midnight (Fri-Sat)', 'Bar', 'Lunch, Cash, Credit Card, Debit Card, Dinner, Takeaway Available, DJ, Live Sports Screening, Valet Parking Available, Outdoor Seating, Air Conditioned, Wifi, Free Parking, Nightlife, Fullbar, Indoor Seating, Smoking Area, All Day Breakfast, Desserts and Bakes', 'https://b.zmtcdn.com/data/pictures/chains/7/18761167/05382e682cd013997eee4876a56d1304.png?fit=around%7C200%3A200&crop=200%3A200%3B%2A%2C%2A', '00 03366044810', 24, NULL, NULL, 4.7, 750, 'sha256$qwQRkUz6$0cac6627c28333a0d854c8897c48cc8360456760741b007b98d12427386111fc'),
(18800881, 69, 'Decode Air Bar', 'example69@gmail.com', 1500, 'Modern Indian, Bar Food, Sushi, Italian, Asian', '12 Noon to 12 Midnight', 'Microbrewery', 'Dinner, Takeaway Available, Debit Card, Lunch, Cash, Credit Card, DJ, Live Sports Screening, Fullbar, Live Music, Rooftop, Air Conditioned, Smoking Area, Live Entertainment, Nightlife, Outdoor Seating, Indoor Seating, Table booking recommended, Wifi', 'https://b.zmtcdn.com/data/pictures/1/18800881/2280cfe43c5879d5e8d2f14c80c8412f.jpg?fit=around%7C200%3A200&crop=200%3A200%3B%2A%2C%2A', '+91 9773797535, +91 9773797536, +91 9810257382', 37, NULL, NULL, 4.6, 1034, 'sha256$HmIPgxtY$cd21c789c5438edcc4110a72d933b755b8c7b745b3268eb5f293681796717396'),
(18812843, 38, 'Uno Chicago Bar & Grill', 'example38@gmail.com', 1300, 'American, Italian, Burger', '12noon  11pm (Mon-Sun)', 'Casual Dining', 'Dinner, Cash, Delivery, Credit Card, Lunch, Takeaway Available, Debit Card, Live Entertainment, Fullbar, Live Music, Rooftop, Digital Payments Accepted, Kid Friendly, Live Sports Screening, Outdoor Seating, Indoor Seating, Table booking recommended, Air Conditioned, Resto Bar, Smoking Area', 'https://b.zmtcdn.com/data/pictures/chains/3/18812843/cbea901ac17f770f6f05374aace7bf34.jpg?fit=around%7C200%3A200&crop=200%3A200%3B%2A%2C%2A', '+91 9971448700, +91 8898191933', 42, NULL, NULL, 4.3, 561, 'sha256$ldFO385J$dfaf8d1f29c92b744dab6eeec4a4512a3988f001297b3936386d2991c9400ba3'),
(18851371, 92, 'Station Bar', 'example92@gmail.com', 1600, 'Asian, Continental, North Indian, Mediterranean, Bar Food', 'Mon-Sun (12 Noon to 1 AM)', 'Bar', 'Lunch, Serves Alcohol, Credit Card, Dinner, Cash, Debit Card, DJ, Fullbar, Live Music, Air Conditioned, Smoking Area, Nightlife, Outdoor Seating, Indoor Seating, Digital Payments Accepted, Wifi', 'https://b.zmtcdn.com/data/pictures/1/18851371/06da78bdae3080fc4ff7c574d2bb43da.jpeg?fit=around%7C200%3A200&crop=200%3A200%3B%2A%2C%2A', '011 66103796', 49, NULL, NULL, 4.6, 1085, 'sha256$9H86YNYb$1c6a862a828e1fbecdd95f207075d1c7354965eba380e5420bfdf2a7e1b0c5d6'),
(18856789, 82, 'AIR- An Ivory Region', 'example82@gmail.com', 1400, 'North Indian, Chinese, Continental, Asian', '12 Noon to 12 Midnight', 'Lounge', 'Dinner, Debit Card, Lunch, Cash, Credit Card, DJ, Live Entertainment, Nightlife, Outdoor Seating, Beer, Indoor Seating, Serves Cocktails, Air Conditioned, Smoking Area, Free Parking, Live Sports Screening, Fullbar, Wine, Live Music, Rooftop, Table booking recommended, Sneakpeek', 'https://b.zmtcdn.com/data/pictures/9/18856789/df647751670debb136669d2568b94e49.jpeg?fit=around%7C200%3A200&crop=200%3A200%3B%2A%2C%2A', '011 66103930', 24, NULL, NULL, 4.2, 2735, 'sha256$xkqGCbpP$17798b4ed433badad2361a69f4dd152d433e5df12f60b16a29709e514ebc8864'),
(18863320, 71, 'Unplugged Courtyard', 'example71@gmail.com', 1500, 'North Indian, Continental, Momos', '12 Noon to 1 AM', 'Microbrewery', 'Dinner, Cash, Credit Card, Lunch, Takeaway Available, Debit Card, Live Sports Screening, Valet Parking Available, Outdoor Seating, Indoor Seating, Air Conditioned, Wifi, Sneakpeek, Nightlife, Fullbar, Live Music, Table booking recommended, Axis Bank - Dining Delights, Smoking Area', 'https://b.zmtcdn.com/data/pictures/0/18863320/8fce19e783edb05e0528ef7ef00e07e4.jpg?fit=around%7C200%3A200&crop=200%3A200%3B%2A%2C%2A', '011 66992565', 30, NULL, NULL, 4.3, 979, 'sha256$cnsz6fkd$0b2d8e4f00cb18c4d83164f3dd2fe6bf92f04a103f2862748289b892701a06d4'),
(18895645, 81, 'Plum By Bent Chair', 'example81@gmail.com', 3000, 'Asian', '12noon  1am (Mon-Sun)', 'Casual Dining', 'Debit Card, Cash, Credit Card, Dinner, Table booking recommended, Air Conditioned, Smoking Area, Nightlife, Fullbar, Serves Cocktails, Digital Payments Accepted, Sneakpeek, Valet Parking Available, Indoor Seating', 'https://b.zmtcdn.com/data/pictures/5/18895645/7d87b53153c2871fc302ef65c146c10e.png?fit=around%7C200%3A200&crop=200%3A200%3B%2A%2C%2A', '011 61495178', 21, NULL, NULL, 4.9, 1651, 'sha256$2Z8pIGIr$97c49622802acd383ba83036ad68ad5f85f47f4ee37fa1ccea9e971165ef86c1'),
(18897756, 39, 'Momo I Am', 'example39@gmail.com', 800, 'Tibetan, Chinese, Asian, Momos', '12 Noon to 11 PM', 'Casual Dining', 'Lunch, Cash, Delivery, Credit Card, Dinner, Takeaway Available, Debit Card, Live Sports Screening, Live Music, Digital Payments Accepted, Fullbar, Indoor Seating, Air Conditioned, Smoking Area', 'https://b.zmtcdn.com/data/pictures/6/18897756/6ffb9032eebc775d821c429952b06712.jpg?fit=around%7C200%3A200&crop=200%3A200%3B%2A%2C%2A', '+91 8017421170, +91 8017421310', 37, NULL, NULL, 4.7, 845, 'sha256$6UwUnVvQ$6d4f78f3aa3cf04b7979686915234b7e6fe8df8b1769700c832673bbf26d79a1'),
(19042004, 84, 'Banter', 'example84@gmail.com', 1500, 'North Indian, Continental, Italian', '12 Noon to 12 Midnight', 'Casual Dining', 'Cash, Takeaway Available, Debit Card, Lunch, Dinner, Credit Card, Free Wifi, Outdoor Seating, Air Conditioned, Smoking Area, Indoor Seating', 'https://b.zmtcdn.com/data/pictures/4/19042004/7b367f5cbabf3d8270b5af432746b64e.jpg?fit=around%7C200%3A200&crop=200%3A200%3B%2A%2C%2A', '011 66103710', 34, NULL, NULL, 4.8, 641, 'sha256$RsLRTSny$ad00e60feb9e5acdd9b35206b73658e6838501871dd4c1022eb12a394cbdff44'),
(19092692, 17, 'Beans n Brewers', 'example17@gmail.com', 350, 'Cafe, Coffee, Desserts, Fast Food, Italian, Salad, Sandwich', '11 AM to 10 PM', 'Cafe', 'Delivery, Debit Card, Takeaway Available, Cash, Halal, Free Parking, Indoor Seating, Air Conditioned, Brunch, Desserts and Bakes, Outdoor Seating, Digital Payments Accepted', 'https://b.zmtcdn.com/data/reviews_photos/055/df8d0396c1a2ab81bf4efb4e651c3055_1564245354.jpg?crop=516%3A516%3B55%2C0&fit=around%7C200%3A200', '+91 9501224304, +91 6280924728', 42, NULL, NULL, 3.9, 18, 'sha256$ag7u5Mqc$ce8eff273f0c3689a3a67eb61da0aff771a3a5d82368bbc3d428643e2183c843');
INSERT INTO `Restaurant` (`id`, `location_id`, `name`, `email`, `average_cost_for_two`, `cuisines`, `timings`, `establishment`, `highlights`, `thumb`, `phone_numbers`, `capacity`, `opening_status`, `website`, `rating`, `votes`, `password`) VALUES
(19111824, 27, 'ITC Royal Bengal- Grand Market Pavilion', 'example27@gmail.com', 3500, 'North Indian, Chinese, Continental, Bengali', '11 AM to 11 PM', 'Fine Dining', 'Lunch, Delivery, Credit Card, Dinner, Cash, Takeaway Available, Debit Card, Valet Parking Available, Digital Payments Accepted, Air Conditioned, Indoor Seating, Variable Menu', 'https://b.zmtcdn.com/data/reviews_photos/e76/e0140d9479ab78d17ca7af331c8cde76_1561492356.jpg?fit=around%7C200%3A200&crop=200%3A200%3B%2A%2C%2A', '033 23454545', 40, NULL, NULL, 4.4, 217, 'sha256$hx2TIpcO$4bebc35155242a6e7cccaeeba36f48ec1184e98a115933a9ad244b301c1f7f5d'),
(19118980, 4, 'Bonfair', 'example4@gmail.com', 150, 'Arabian, Fast Food, Kerala', '11 AM to 11 PM', 'Casual Dining', 'Takeaway Available, Dinner, Delivery, Cash, Lunch, Indoor Seating', 'https://b.zmtcdn.com/data/reviews_photos/b56/db17a6c6c40bcf827dc81beafd707b56_1564463506.jpg?fit=around%7C200%3A200&crop=200%3A200%3B%2A%2C%2A', 'Not available for this place', 45, NULL, NULL, 3.5, 5, 'sha256$4o6bM3t1$a0eb7195ac30e93ec30bb78dbd6e7b6ccbbce81389f2f760afb9686c7358100f'),
(19120844, 14, 'Valiveti Grand', 'example14@gmail.com', 300, 'Biryani, South Indian, Andhra, North Indian', '11 AM to 11 PM', 'Food Court', 'Takeaway Available, Debit Card, Dinner, Cash, Credit Card, Lunch, Air Conditioned, Indoor Seating, Digital Payments Accepted', 'https://b.zmtcdn.com/data/reviews_photos/f0a/7a4e9f52b262cf790e0121f2b3657f0a_1564404598.jpg?fit=around%7C200%3A200&crop=200%3A200%3B%2A%2C%2A', '+91 9808829999', 20, NULL, NULL, 3.7, 2, 'sha256$JOAkYMSY$e0253b6050f7eb1e4f3ee2deea110b4661b27a6931c1e89edcc470f190ae8079'),
(19128322, 5, 'Prabha Grand Inn', 'example5@gmail.com', 300, 'South Indian, Andhra, Biryani, Chinese, North Indian, Desserts, Beverages', '6:30 AM to 10:30 PM', 'Casual Dining', 'Dinner, Lunch, Cash, Indoor Seating', 'https://b.zmtcdn.com/data/reviews_photos/b25/49d405ff2427f76fcef8174baa482b25_1564464696.jpg?crop=805%3A805%3B0%2C0&fit=around%7C200%3A200', 'Not available for this place', 31, NULL, NULL, 3.9, 8, 'sha256$7sdzhmsC$71d0fa614673ad989738edba557aa930f3e500231873caee2129b86730379da5'),
(19130806, 11, 'La Cafeteria', 'example11@gmail.com', 250, 'Italian, Pizza', '11 AM to 10:30 PM', 'Beverage Shop', 'Delivery, Cash, Credit Card, Takeaway Available, Debit Card, Indoor Seating, Air Conditioned, Outdoor Seating, Digital Payments Accepted, Desserts and Bakes', 'https://b.zmtcdn.com/data/reviews_photos/854/fd1796849daf17ce2afc1f2ac5f68854_1564471204.jpg?fit=around%7C200%3A200&crop=200%3A200%3B%2A%2C%2A', 'Not available for this place', 24, NULL, NULL, 0.0, 0, 'sha256$JYVXHdqg$bf23ed28b1cd90f8d815088dcdb56e48c6ec906a611df5c3951adbb7b2562f5f'),
(19132624, 7, 'Wafflez', 'example7@gmail.com', 200, 'Burger, Cafe, Chinese, Ice Cream, Italian, Mexican, Pizza', '', 'Cafe', 'Takeaway Available, Debit Card, Delivery, Cash, Credit Card, Indoor Seating, Digital Payments Accepted, Air Conditioned', 'https://b.zmtcdn.com/data/reviews_photos/c28/1946d8d65a9211bacd4f7c07cd066c28_1564131044.jpg?crop=836%3A836%3B34%2C0&fit=around%7C200%3A200', '+91 9938222210', 35, NULL, NULL, 3.4, 6, 'sha256$IRUVkiu1$f1de0b8664ab9c7f756bb47f3ac1776634ee3dad9645d22a5356fc70883882eb'),
(19136354, 3, 'HOTEL GRAND SR', 'example3@gmail.com', 300, 'North Indian', '11 AM to 9:30 PM', '', '', 'https://b.zmtcdn.com/data/reviews_photos/75a/242b01bd983b1f79f4da437fc918d75a_1564241227.jpg?crop=671%3A671%3B350%2C0&fit=around%7C200%3A200', 'Not available for this place', 28, NULL, NULL, 3.4, 5, 'sha256$tKtKfJE5$a9cfc08f6b4d150f294f97353fc80ac75871b72779be5494bd8bcc1858681baf'),
(19139870, 2, 'prerna shopi ', 'example2@gmail.com', 150, 'Bakery', '11 AM to 10 PM (Mon, Wed-Sun), 1 PM to 10 PM (Tue)', 'Bakery', '', 'https://b.zmtcdn.com/data/reviews_photos/078/5f26b19ca61f6d8923c7d35668476078_1564598304.jpg?fit=around%7C200%3A200&crop=200%3A200%3B%2A%2C%2A', '+91 9096746005', 28, NULL, NULL, 3.5, 3, 'sha256$50KLdCIw$c5cf1ca7c6cdb1381323e516e686a7c4107a48fa3b53c335bf1d7282996a3baa'),
(19139932, 10, 'Coffee N More', 'example10@gmail.com', 200, '', '11 AM to 9 PM', 'Dessert Parlour', 'Pure Veg', 'https://b.zmtcdn.com/data/reviews_photos/068/c6e8d1a49d278c6f16c07776d305b068_1563610586.jpg?crop=532%3A532%3B330%2C0&fit=around%7C200%3A200', 'Not available for this place', 42, NULL, NULL, 3.9, 2, 'sha256$2BgnCZEw$cfaef5deba4773afa1abb87775e5feba76ef59114e9217db41088b9b9dc2d96c'),
(19141523, 15, 'Food Point', 'example15@gmail.com', 300, 'Chinese, Fast Food, Gujarati, North Indian, Pizza, Sandwich', '11 AM to 3 PM, 7 PM to 11 PM', 'Casual Dining', 'Debit Card, Cash, Pure Veg', '', 'Not available for this place', 48, NULL, NULL, 3.7, 1, 'sha256$CZYeYuPL$0b5a2d76acedf655c648adda27a9d100e285406426fc6f49eb1b31066090e46c'),
(19141911, 8, 'Hotel basant leela', 'example8@gmail.com', 400, 'South Indian, North Indian, Mughlai, Chinese', '11 AM to 10:30 PM', 'Fine Dining', 'Indoor Seating, Air Conditioned', 'https://b.zmtcdn.com/data/reviews_photos/0dc/6810f31da554daea22d395ff9ee910dc_1563689172.jpg?crop=429%3A429%3B0%2C272&fit=around%7C200%3A200', '+91 8948944444', 29, NULL, NULL, 3.7, 2, 'sha256$dTnKtrAd$d9f080fb2438bf8a29535d0a97ff935d6f96aa24994de502e5c75d8df2ceb662'),
(19143450, 18, 'Oya Cafe', 'example18@gmail.com', 200, 'Sandwich, Juices, Ice Cream, Burger', '11 AM to 10 PM', 'Cafe', 'Pure Veg', 'https://b.zmtcdn.com/data/reviews_photos/ebe/e1a0ee4a6b01f58965d453b7de9b3ebe_1563260262.jpg?crop=960%3A960%3B0%2C237&fit=around%7C200%3A200', 'Not available for this place', 28, NULL, NULL, 3.4, 2, 'sha256$cX6obIOM$8cf4f27f805191df560bced0964549150776e8bbfb942e15e1bc176bcf2f4fcb'),
(19144355, 20, 'Cafe 49', 'example20@gmail.com', 200, 'Sandwich, Italian, Chinese', '10:30 AM to 9:30 PM', 'Fine Dining', 'Cash, Credit Card, Standing Tables, Debit Card, Indoor Seating, Digital Payments Accepted', 'https://b.zmtcdn.com/data/reviews_photos/f97/2f98bb87fea2640cfd9741b83bfe4f97_1563712086.jpg?crop=1125%3A1125%3B0%2C329&fit=around%7C200%3A200', '+91 9914436666', 36, NULL, NULL, 4.2, 3, 'sha256$X5Qha6ln$25e47941ab164546d16ed17c76538ddb575362e8a2f65814c1765dcc3d0de03f'),
(19145729, 16, 'Amsavalli Bhavan', 'example16@gmail.com', 200, 'Andhra, Biryani, South Indian, Tamil', '10:30am  10:30pm (Mon-Sun)', 'Casual Dining', 'Cash, Dinner, Lunch, Indoor Seating, Air Conditioned', 'https://b.zmtcdn.com/data/reviews_photos/290/ff7fa14954aa683498ed15823dea6290_1564225755.jpg?crop=934%3A934%3B0%2C101&fit=around%7C200%3A200', '+91 9787786000', 22, NULL, NULL, 0.0, 0, 'sha256$EokVOv3U$550dbd89105f1b37f058e1c77bd3a895e33a09c5fb425399b38f1f6528f05811'),
(19146513, 13, 'NICE CAFE THE FOOD ZONE', 'example13@gmail.com', 200, 'South Indian, Chinese, Burger, Cafe, Coffee, Fast Food, Pizza, Sandwich', '9:30 AM to 10:30 PM', 'Cafe', '', 'https://b.zmtcdn.com/data/reviews_photos/517/9155428f912f60e6d93dd45fe8d07517_1564220593.jpg?crop=864%3A864%3B235%2C0&fit=around%7C200%3A200', 'Not available for this place', 25, NULL, NULL, 3.6, 2, 'sha256$SjtzZtbA$6f0d336e63296f5a4efefb0b21db765ecdc2814ae2ffa82b5015e57a1d5b3efe'),
(19146849, 19, 'BASKIN ROBBINS', 'example19@gmail.com', 200, 'Desserts, Ice Cream', '9am  10pm (Mon-Sun)', 'Dessert Parlour', 'Cash, Credit Card, Takeaway Available, Debit Card, Indoor Seating, Pure Veg, Digital Payments Accepted, Desserts and Bakes', 'https://b.zmtcdn.com/data/reviews_photos/b5c/b9395ddae70dd42b7fa97b24261cab5c_1564061690.jpg?crop=958%3A958%3B214%2C0&fit=around%7C200%3A200', '+91 8142240411', 40, NULL, NULL, 0.0, 0, 'sha256$Barv3y73$22c51ddba3c73f70b14f2479e7fa807659015bd6cea9721665eb71458cb6c2d5'),
(19147011, 12, 'Hotel Thatti Vilas ', 'example12@gmail.com', 250, 'Biryani, Chettinad, Chinese, South Indian, Tamil', '7 AM to 12 Midnight', 'Casual Dining', 'Cash, Dinner, Delivery, Lunch, Indoor Seating', 'https://b.zmtcdn.com/data/reviews_photos/9fd/485e458f8c1df23e23774071f859d9fd_1564133652.jpg?crop=528%3A528%3B245%2C0&fit=around%7C200%3A200', '+91 8870329317', 45, NULL, NULL, 0.0, 0, 'sha256$7wvXqPLN$b59559990b4d565e8ec3be5ea9bc5116a18df549cd3e97dc16f494c519948c33'),
(19148264, 6, 'Savariya Cake House', 'example6@gmail.com', 250, '', '', '', '', 'https://b.zmtcdn.com/data/reviews_photos/09d/e7d21e438d1a739ac3885108485f509d_1564571873.jpg?crop=960%3A960%3B31%2C0&fit=around%7C200%3A200', 'Not available for this place', 25, NULL, NULL, 3.4, 3, 'sha256$TzscugUm$8dce5fb1f9414b140cab071123cebb596743948fddd2404e0ecd6d67e9cdf457'),
(19149885, 1, 'Gopal Juice and Ice Cream', 'example1@gmail.com', 150, 'Beverages, Juices', '9 AM to 10 PM', 'Beverage Shop', 'Takeaway Available, Cash, Delivery, Indoor Seating, Air Conditioned, Digital Payments Accepted', 'https://b.zmtcdn.com/data/reviews_photos/2a4/903ae6cbab9baced72063214ca75b2a4_1563651875.jpg?crop=1080%3A1080%3B0%2C209&fit=around%7C200%3A200', 'Not available for this place', 38, NULL, NULL, 0.0, 0, 'sha256$xwauVBGs$4f4b952f82bcb763e37d5af6bba7ccad4fbd3b4c5e4de27cb781e324723de492'),
(19151003, 9, 'Mini Punjab Restaurant', 'example9@gmail.com', 100, 'North Indian', '11 AM to 11 PM', 'Casual Dining', 'Cash', 'https://b.zmtcdn.com/data/reviews_photos/5cc/17e40bcae32bbb42b5d94300917cf5cc_1563634703.jpg?crop=774%3A774%3B0%2C0&fit=around%7C200%3A200', '+91 8209242188, +91 9462060657', 46, NULL, NULL, 0.0, 0, 'sha256$OvtjfmcN$d3c69a5378b63c63d1e45d658ef03b47ecedb68ca0c417d0cb693980729695f6');

-- --------------------------------------------------------

--
-- Table structure for table `Review`
--

CREATE TABLE `Review` (
  `id` int(11) NOT NULL,
  `user_id` int(11) DEFAULT NULL,
  `restaurant_id` int(11) NOT NULL,
  `comment` varchar(1000) DEFAULT NULL,
  `rating` float NOT NULL DEFAULT '0',
  `rating_text` varchar(20) DEFAULT NULL,
  `date` varchar(20) DEFAULT NULL,
  `time` varchar(10) DEFAULT NULL
) ENGINE=InnoDB DEFAULT CHARSET=latin1;

-- --------------------------------------------------------

--
-- Table structure for table `Slot`
--

CREATE TABLE `Slot` (
  `id` int(11) NOT NULL,
  `restaurant_id` int(11) DEFAULT NULL,
  `start_time` varchar(11) NOT NULL,
  `end_time` varchar(11) NOT NULL,
  `day` varchar(20) DEFAULT NULL,
  `status` tinyint(1) DEFAULT '1'
) ENGINE=InnoDB DEFAULT CHARSET=latin1;

--
-- Dumping data for table `Slot`
--

INSERT INTO `Slot` (`id`, `restaurant_id`, `start_time`, `end_time`, `day`, `status`) VALUES
(4887, 19149885, '09:00', '15:00', NULL, 1),
(4888, 19149885, '17:00', '23:00', NULL, 1),
(4889, 19139870, '09:00', '15:00', NULL, 1),
(4890, 19139870, '18:00', '23:00', NULL, 1),
(4891, 19136354, '09:00', '15:00', NULL, 1),
(4892, 19136354, '17:00', '23:00', NULL, 1),
(4893, 19118980, '09:00', '15:00', NULL, 1),
(4894, 19118980, '17:00', '23:00', NULL, 1),
(4895, 19128322, '09:00', '15:00', NULL, 1),
(4896, 19128322, '17:00', '23:00', NULL, 1),
(4897, 19148264, '09:00', '15:00', NULL, 1),
(4898, 19148264, '17:00', '23:00', NULL, 1),
(4899, 19132624, '10:00', '16:00', NULL, 1),
(4900, 19132624, '17:00', '23:00', NULL, 1),
(4901, 19141911, '09:00', '15:00', NULL, 1),
(4902, 19141911, '17:00', '23:00', NULL, 1),
(4903, 19151003, '09:00', '15:00', NULL, 1),
(4904, 19151003, '17:00', '23:00', NULL, 1),
(4905, 19139932, '09:00', '15:00', NULL, 1),
(4906, 19139932, '17:00', '23:00', NULL, 1),
(4907, 19130806, '09:00', '15:00', NULL, 1),
(4908, 19130806, '18:00', '23:00', NULL, 1),
(4909, 19147011, '10:00', '16:00', NULL, 1),
(4910, 19147011, '18:00', '23:00', NULL, 1),
(4911, 19146513, '09:00', '15:00', NULL, 1),
(4912, 19146513, '17:00', '23:00', NULL, 1),
(4913, 19120844, '10:00', '16:00', NULL, 1),
(4914, 19120844, '18:00', '23:00', NULL, 1),
(4915, 19141523, '09:00', '15:00', NULL, 1),
(4916, 19141523, '18:00', '23:00', NULL, 1),
(4917, 19145729, '09:00', '15:00', NULL, 1),
(4918, 19145729, '17:00', '23:00', NULL, 1),
(4919, 19092692, '09:00', '15:00', NULL, 1),
(4920, 19092692, '18:00', '23:00', NULL, 1),
(4921, 19143450, '10:00', '16:00', NULL, 1),
(4922, 19143450, '18:00', '23:00', NULL, 1),
(4923, 19146849, '10:00', '16:00', NULL, 1),
(4924, 19146849, '17:00', '23:00', NULL, 1),
(4925, 19144355, '10:00', '16:00', NULL, 1),
(4926, 19144355, '17:00', '23:00', NULL, 1),
(4927, 18398880, '09:00', '15:00', NULL, 1),
(4928, 18398880, '17:00', '23:00', NULL, 1),
(4929, 18712598, '10:00', '16:00', NULL, 1),
(4930, 18712598, '18:00', '23:00', NULL, 1),
(4931, 18575757, '09:00', '15:00', NULL, 1),
(4932, 18575757, '17:00', '23:00', NULL, 1),
(4933, 18761167, '09:00', '15:00', NULL, 1),
(4934, 18761167, '17:00', '23:00', NULL, 1),
(4935, 18414440, '09:00', '15:00', NULL, 1),
(4936, 18414440, '17:00', '23:00', NULL, 1),
(4937, 18634729, '10:00', '16:00', NULL, 1),
(4938, 18634729, '18:00', '23:00', NULL, 1),
(4939, 19111824, '09:00', '15:00', NULL, 1),
(4940, 19111824, '17:00', '23:00', NULL, 1),
(4941, 18610904, '09:00', '15:00', NULL, 1),
(4942, 18610904, '18:00', '23:00', NULL, 1),
(4943, 18377098, '09:00', '15:00', NULL, 1),
(4944, 18377098, '17:00', '23:00', NULL, 1),
(4945, 18607141, '10:00', '16:00', NULL, 1),
(4946, 18607141, '18:00', '23:00', NULL, 1),
(4947, 20404, '09:00', '15:00', NULL, 1),
(4948, 20404, '18:00', '23:00', NULL, 1),
(4949, 18017618, '09:00', '15:00', NULL, 1),
(4950, 18017618, '17:00', '23:00', NULL, 1),
(4951, 25570, '09:00', '15:00', NULL, 1),
(4952, 25570, '18:00', '23:00', NULL, 1),
(4953, 18574357, '09:00', '15:00', NULL, 1),
(4954, 18574357, '18:00', '23:00', NULL, 1),
(4955, 17983797, '10:00', '16:00', NULL, 1),
(4956, 17983797, '17:00', '23:00', NULL, 1),
(4957, 20842, '10:00', '16:00', NULL, 1),
(4958, 20842, '17:00', '23:00', NULL, 1),
(4959, 18707652, '09:00', '15:00', NULL, 1),
(4960, 18707652, '17:00', '23:00', NULL, 1),
(4961, 18812843, '10:00', '16:00', NULL, 1),
(4962, 18812843, '17:00', '23:00', NULL, 1),
(4963, 18897756, '09:00', '15:00', NULL, 1),
(4964, 18897756, '18:00', '23:00', NULL, 1),
(4965, 18703712, '09:00', '15:00', NULL, 1),
(4966, 18703712, '17:00', '23:00', NULL, 1),
(4967, 18289242, '10:00', '16:00', NULL, 1),
(4968, 18289242, '17:00', '23:00', NULL, 1),
(4969, 310188, '10:00', '16:00', NULL, 1),
(4970, 310188, '18:00', '23:00', NULL, 1),
(4971, 18687573, '09:00', '15:00', NULL, 1),
(4972, 18687573, '18:00', '23:00', NULL, 1),
(4973, 5056, '10:00', '16:00', NULL, 1),
(4974, 5056, '18:00', '23:00', NULL, 1),
(4975, 18415341, '10:00', '16:00', NULL, 1),
(4976, 18415341, '18:00', '23:00', NULL, 1),
(4977, 311662, '10:00', '16:00', NULL, 1),
(4978, 311662, '17:00', '23:00', NULL, 1),
(4979, 18168152, '09:00', '15:00', NULL, 1),
(4980, 18168152, '17:00', '23:00', NULL, 1),
(4981, 306150, '10:00', '16:00', NULL, 1),
(4982, 306150, '17:00', '23:00', NULL, 1),
(4983, 4766, '09:00', '15:00', NULL, 1),
(4984, 4766, '18:00', '23:00', NULL, 1),
(4985, 313316, '09:00', '15:00', NULL, 1),
(4986, 313316, '17:00', '23:00', NULL, 1),
(4987, 18418233, '09:00', '15:00', NULL, 1),
(4988, 18418233, '17:00', '23:00', NULL, 1),
(4989, 18277179, '10:00', '16:00', NULL, 1),
(4990, 18277179, '18:00', '23:00', NULL, 1),
(4991, 18337897, '09:00', '15:00', NULL, 1),
(4992, 18337897, '17:00', '23:00', NULL, 1),
(4993, 308572, '10:00', '16:00', NULL, 1),
(4994, 308572, '18:00', '23:00', NULL, 1),
(4995, 18551512, '09:00', '15:00', NULL, 1),
(4996, 18551512, '18:00', '23:00', NULL, 1),
(4997, 18224532, '10:00', '16:00', NULL, 1),
(4998, 18224532, '17:00', '23:00', NULL, 1),
(4999, 8597, '09:00', '15:00', NULL, 1),
(5000, 8597, '18:00', '23:00', NULL, 1),
(5001, 18281957, '09:00', '15:00', NULL, 1),
(5002, 18281957, '17:00', '23:00', NULL, 1),
(5003, 18383453, '10:00', '16:00', NULL, 1),
(5004, 18383453, '18:00', '23:00', NULL, 1),
(5005, 311104, '09:00', '15:00', NULL, 1),
(5006, 311104, '18:00', '23:00', NULL, 1),
(5007, 18649486, '09:00', '15:00', NULL, 1),
(5008, 18649486, '18:00', '23:00', NULL, 1),
(5009, 18418247, '10:00', '16:00', NULL, 1),
(5010, 18418247, '18:00', '23:00', NULL, 1),
(5011, 18601364, '10:00', '16:00', NULL, 1),
(5012, 18601364, '18:00', '23:00', NULL, 1),
(5013, 306153, '10:00', '16:00', NULL, 1),
(5014, 306153, '17:00', '23:00', NULL, 1),
(5015, 496, '09:00', '15:00', NULL, 1),
(5016, 496, '17:00', '23:00', NULL, 1),
(5017, 18337894, '10:00', '16:00', NULL, 1),
(5018, 18337894, '18:00', '23:00', NULL, 1),
(5019, 18759923, '09:00', '15:00', NULL, 1),
(5020, 18759923, '18:00', '23:00', NULL, 1),
(5021, 18656043, '10:00', '16:00', NULL, 1),
(5022, 18656043, '18:00', '23:00', NULL, 1),
(5023, 18800881, '10:00', '16:00', NULL, 1),
(5024, 18800881, '18:00', '23:00', NULL, 1),
(5025, 549, '10:00', '16:00', NULL, 1),
(5026, 549, '17:00', '23:00', NULL, 1),
(5027, 18863320, '10:00', '16:00', NULL, 1),
(5028, 18863320, '17:00', '23:00', NULL, 1),
(5029, 18555387, '09:00', '15:00', NULL, 1),
(5030, 18555387, '18:00', '23:00', NULL, 1),
(5031, 7528, '10:00', '16:00', NULL, 1),
(5032, 7528, '17:00', '23:00', NULL, 1),
(5033, 18463965, '09:00', '15:00', NULL, 1),
(5034, 18463965, '18:00', '23:00', NULL, 1),
(5035, 18579383, '10:00', '16:00', NULL, 1),
(5036, 18579383, '17:00', '23:00', NULL, 1),
(5037, 18303709, '09:00', '15:00', NULL, 1),
(5038, 18303709, '18:00', '23:00', NULL, 1),
(5039, 303960, '10:00', '16:00', NULL, 1),
(5040, 303960, '18:00', '23:00', NULL, 1),
(5041, 5004, '09:00', '15:00', NULL, 1),
(5042, 5004, '18:00', '23:00', NULL, 1),
(5043, 306046, '09:00', '15:00', NULL, 1),
(5044, 306046, '18:00', '23:00', NULL, 1),
(5045, 18637042, '09:00', '15:00', NULL, 1),
(5046, 18637042, '18:00', '23:00', NULL, 1),
(5047, 18895645, '09:00', '15:00', NULL, 1),
(5048, 18895645, '18:00', '23:00', NULL, 1),
(5049, 18856789, '10:00', '16:00', NULL, 1),
(5050, 18856789, '17:00', '23:00', NULL, 1),
(5051, 18423151, '10:00', '16:00', NULL, 1),
(5052, 18423151, '18:00', '23:00', NULL, 1),
(5053, 19042004, '09:00', '15:00', NULL, 1),
(5054, 19042004, '18:00', '23:00', NULL, 1),
(5055, 18429148, '09:00', '15:00', NULL, 1),
(5056, 18429148, '17:00', '23:00', NULL, 1),
(5057, 18238278, '09:00', '15:00', NULL, 1),
(5058, 18238278, '18:00', '23:00', NULL, 1),
(5059, 307374, '09:00', '15:00', NULL, 1),
(5060, 307374, '18:00', '23:00', NULL, 1),
(5061, 308322, '10:00', '16:00', NULL, 1),
(5062, 308322, '17:00', '23:00', NULL, 1),
(5063, 18382360, '09:00', '15:00', NULL, 1),
(5064, 18382360, '18:00', '23:00', NULL, 1),
(5065, 18625812, '10:00', '16:00', NULL, 1),
(5066, 18625812, '18:00', '23:00', NULL, 1),
(5067, 18418277, '09:00', '15:00', NULL, 1),
(5068, 18418277, '17:00', '23:00', NULL, 1),
(5069, 18851371, '10:00', '16:00', NULL, 1),
(5070, 18851371, '18:00', '23:00', NULL, 1),
(5071, 313256, '09:00', '15:00', NULL, 1),
(5072, 313256, '18:00', '23:00', NULL, 1),
(5073, 18216901, '10:00', '16:00', NULL, 1),
(5074, 18216901, '18:00', '23:00', NULL, 1),
(5075, 2008, '09:00', '15:00', NULL, 1),
(5076, 2008, '17:00', '23:00', NULL, 1),
(5077, 18273556, '09:00', '15:00', NULL, 1),
(5078, 18273556, '18:00', '23:00', NULL, 1),
(5079, 310470, '09:00', '15:00', NULL, 1),
(5080, 310470, '18:00', '23:00', NULL, 1),
(5081, 18562836, '10:00', '16:00', NULL, 1),
(5082, 18562836, '17:00', '23:00', NULL, 1),
(5083, 307406, '09:00', '15:00', NULL, 1),
(5084, 307406, '17:00', '23:00', NULL, 1);

-- --------------------------------------------------------

--
-- Table structure for table `User`
--

CREATE TABLE `User` (
  `id` int(11) NOT NULL,
  `name` varchar(40) DEFAULT NULL,
  `email_id` varchar(100) NOT NULL,
  `password` varchar(1000) NOT NULL,
  `admin` tinyint(1) DEFAULT '0',
  `city` varchar(100) DEFAULT NULL
) ENGINE=InnoDB DEFAULT CHARSET=latin1;

--
-- Indexes for dumped tables
--

--
-- Indexes for table `BeenThere`
--
ALTER TABLE `BeenThere`
  ADD PRIMARY KEY (`id`),
  ADD KEY `BeenThere_ibfk_1` (`user_id`),
  ADD KEY `BeenThere_ibfk_2` (`restaurant_id`);

--
-- Indexes for table `Booking`
--
ALTER TABLE `Booking`
  ADD PRIMARY KEY (`id`),
  ADD KEY `user_id` (`user_id`),
  ADD KEY `restaurant_id` (`restaurant_id`);

--
-- Indexes for table `Bookmark`
--
ALTER TABLE `Bookmark`
  ADD PRIMARY KEY (`id`),
  ADD KEY `Bookmark_ibfk_1` (`user_id`),
  ADD KEY `Bookmark_ibfk_2` (`restaurant_id`);

--
-- Indexes for table `Cities`
--
ALTER TABLE `Cities`
  ADD PRIMARY KEY (`id`);

--
-- Indexes for table `Cuisines`
--
ALTER TABLE `Cuisines`
  ADD PRIMARY KEY (`id`),
  ADD UNIQUE KEY `name` (`name`);

--
-- Indexes for table `Day`
--
ALTER TABLE `Day`
  ADD PRIMARY KEY (`restaurant_id`);

--
-- Indexes for table `Establishments`
--
ALTER TABLE `Establishments`
  ADD PRIMARY KEY (`id`),
  ADD UNIQUE KEY `name` (`name`);

--
-- Indexes for table `Highlights`
--
ALTER TABLE `Highlights`
  ADD PRIMARY KEY (`id`),
  ADD UNIQUE KEY `name` (`name`);

--
-- Indexes for table `Location`
--
ALTER TABLE `Location`
  ADD PRIMARY KEY (`id`);

--
-- Indexes for table `Photo`
--
ALTER TABLE `Photo`
  ADD KEY `Photo_ibfk_1` (`review_id`);

--
-- Indexes for table `Restaurant`
--
ALTER TABLE `Restaurant`
  ADD PRIMARY KEY (`id`),
  ADD UNIQUE KEY `email` (`email`),
  ADD KEY `location_id` (`location_id`);

--
-- Indexes for table `Review`
--
ALTER TABLE `Review`
  ADD PRIMARY KEY (`id`),
  ADD KEY `user_id` (`user_id`),
  ADD KEY `restaurant_id` (`restaurant_id`);

--
-- Indexes for table `Slot`
--
ALTER TABLE `Slot`
  ADD PRIMARY KEY (`id`),
  ADD KEY `restaurant_id` (`restaurant_id`);

--
-- Indexes for table `User`
--
ALTER TABLE `User`
  ADD PRIMARY KEY (`id`),
  ADD UNIQUE KEY `email_id` (`email_id`);

--
-- AUTO_INCREMENT for dumped tables
--

--
-- AUTO_INCREMENT for table `BeenThere`
--
ALTER TABLE `BeenThere`
  MODIFY `id` int(11) NOT NULL AUTO_INCREMENT;
--
-- AUTO_INCREMENT for table `Booking`
--
ALTER TABLE `Booking`
  MODIFY `id` int(11) NOT NULL AUTO_INCREMENT, AUTO_INCREMENT=38;
--
-- AUTO_INCREMENT for table `Bookmark`
--
ALTER TABLE `Bookmark`
  MODIFY `id` int(11) NOT NULL AUTO_INCREMENT;
--
-- AUTO_INCREMENT for table `Cities`
--
ALTER TABLE `Cities`
  MODIFY `id` int(11) NOT NULL AUTO_INCREMENT, AUTO_INCREMENT=1222;
--
-- AUTO_INCREMENT for table `Cuisines`
--
ALTER TABLE `Cuisines`
  MODIFY `id` int(11) NOT NULL AUTO_INCREMENT, AUTO_INCREMENT=537;
--
-- AUTO_INCREMENT for table `Establishments`
--
ALTER TABLE `Establishments`
  MODIFY `id` int(11) NOT NULL AUTO_INCREMENT, AUTO_INCREMENT=162;
--
-- AUTO_INCREMENT for table `Highlights`
--
ALTER TABLE `Highlights`
  MODIFY `id` int(11) NOT NULL AUTO_INCREMENT, AUTO_INCREMENT=762;
--
-- AUTO_INCREMENT for table `Location`
--
ALTER TABLE `Location`
  MODIFY `id` int(11) NOT NULL AUTO_INCREMENT, AUTO_INCREMENT=270;
--
-- AUTO_INCREMENT for table `Restaurant`
--
ALTER TABLE `Restaurant`
  MODIFY `id` int(11) NOT NULL AUTO_INCREMENT, AUTO_INCREMENT=19151070;
--
-- AUTO_INCREMENT for table `Review`
--
ALTER TABLE `Review`
  MODIFY `id` int(11) NOT NULL AUTO_INCREMENT, AUTO_INCREMENT=2;
--
-- AUTO_INCREMENT for table `Slot`
--
ALTER TABLE `Slot`
  MODIFY `id` int(11) NOT NULL AUTO_INCREMENT, AUTO_INCREMENT=5085;
--
-- AUTO_INCREMENT for table `User`
--
ALTER TABLE `User`
  MODIFY `id` int(11) NOT NULL AUTO_INCREMENT, AUTO_INCREMENT=25;
--
-- Constraints for dumped tables
--

--
-- Constraints for table `BeenThere`
--
ALTER TABLE `BeenThere`
  ADD CONSTRAINT `BeenThere_ibfk_1` FOREIGN KEY (`user_id`) REFERENCES `User` (`id`),
  ADD CONSTRAINT `BeenThere_ibfk_2` FOREIGN KEY (`restaurant_id`) REFERENCES `Restaurant` (`id`);

--
-- Constraints for table `Booking`
--
ALTER TABLE `Booking`
  ADD CONSTRAINT `Booking_ibfk_1` FOREIGN KEY (`user_id`) REFERENCES `User` (`id`),
  ADD CONSTRAINT `Booking_ibfk_2` FOREIGN KEY (`restaurant_id`) REFERENCES `Restaurant` (`id`);

--
-- Constraints for table `Bookmark`
--
ALTER TABLE `Bookmark`
  ADD CONSTRAINT `Bookmark_ibfk_1` FOREIGN KEY (`user_id`) REFERENCES `User` (`id`),
  ADD CONSTRAINT `Bookmark_ibfk_2` FOREIGN KEY (`restaurant_id`) REFERENCES `Restaurant` (`id`);

--
-- Constraints for table `Day`
--
ALTER TABLE `Day`
  ADD CONSTRAINT `Day_ibfk_1` FOREIGN KEY (`restaurant_id`) REFERENCES `Restaurant` (`id`);

--
-- Constraints for table `Photo`
--
ALTER TABLE `Photo`
  ADD CONSTRAINT `Photo_ibfk_1` FOREIGN KEY (`review_id`) REFERENCES `Review` (`id`);

--
-- Constraints for table `Restaurant`
--
ALTER TABLE `Restaurant`
  ADD CONSTRAINT `Restaurant_ibfk_1` FOREIGN KEY (`location_id`) REFERENCES `Location` (`id`);

--
-- Constraints for table `Review`
--
ALTER TABLE `Review`
  ADD CONSTRAINT `Review_ibfk_1` FOREIGN KEY (`user_id`) REFERENCES `User` (`id`),
  ADD CONSTRAINT `Review_ibfk_2` FOREIGN KEY (`restaurant_id`) REFERENCES `Restaurant` (`id`);

--
-- Constraints for table `Slot`
--
ALTER TABLE `Slot`
  ADD CONSTRAINT `Slot_ibfk_1` FOREIGN KEY (`restaurant_id`) REFERENCES `Restaurant` (`id`);

/*!40101 SET CHARACTER_SET_CLIENT=@OLD_CHARACTER_SET_CLIENT */;
/*!40101 SET CHARACTER_SET_RESULTS=@OLD_CHARACTER_SET_RESULTS */;
/*!40101 SET COLLATION_CONNECTION=@OLD_COLLATION_CONNECTION */;
